uid,product_id,visit_time
3,1,155
4,1,144
5,1,75
6,1,42
7,1,122
8,1,19
9,1,35
10,1,11
11,1,94
12,1,128
13,1,116
14,1,125
15,1,180
24,1,1
28,1,144
32,1,1
39,1,37
42,1,141
45,1,160
47,1,10
49,1,187
54,1,1
59,1,32
63,1,120
67,1,8
69,1,2
75,1,1
81,1,128
85,1,97
95,1,57
96,1,190
100,1,4
106,1,5
109,1,188
115,1,4
116,1,167
125,1,66
132,1,1
142,1,1
148,1,185
151,1,75
157,1,8
160,1,192
165,1,3
167,1,118
170,1,1
173,1,102
178,1,1
183,1,1
184,1,8
190,1,5
192,1,9
193,1,52
195,1,145
199,1,8
212,1,1
215,1,20
222,1,8
226,1,87
235,1,182
243,1,165
244,1,155
246,1,46
256,1,1
264,1,21
268,1,94
270,1,196
279,1,1
281,1,1
291,1,7
295,1,139
303,1,114
305,1,1
306,1,127
309,1,3
312,1,133
313,1,139
331,1,114
337,1,6
348,1,1
366,1,19
368,1,1
370,1,44
375,1,3
382,1,1
383,1,126
386,1,1
389,1,39
394,1,1
403,1,96
409,1,87
415,1,1
418,1,1
424,1,8
426,1,79
430,1,177
432,1,85
438,1,51
439,1,7
442,1,162
445,1,107
457,1,1
463,1,1
481,1,13
484,1,86
487,1,143
488,1,20
501,1,86
502,1,14
507,1,192
509,1,1
510,1,9
513,1,157
516,1,4
517,1,33
521,1,155
530,1,9
532,1,6
537,1,1
543,1,5
546,1,33
549,1,194
553,1,1
554,1,86
560,1,132
569,1,54
571,1,197
572,1,8
576,1,1
577,1,44
582,1,8
593,1,48
594,1,1
599,1,1
600,1,144
602,1,104
605,1,89
615,1,95
636,1,6
640,1,64
644,1,10
649,1,175
658,1,33
669,1,164
671,1,35
686,1,1
691,1,9
692,1,16
697,1,141
699,1,191
721,1,24
722,1,9
727,1,9
736,1,176
737,1,53
740,1,167
746,1,10
749,1,59
750,1,98
758,1,95
764,1,8
767,1,6
772,1,64
779,1,8
785,1,1
792,1,27
803,1,54
814,1,82
819,1,150
827,1,10
832,1,1
834,1,2
844,1,80
845,1,101
847,1,3
854,1,130
857,1,72
858,1,99
863,1,1
865,1,1
872,1,193
875,1,1
893,1,89
912,1,168
916,1,1
924,1,4
925,1,5
929,1,4
931,1,1
932,1,5
934,1,1
942,1,29
943,1,199
953,1,8
957,1,5
962,1,2
968,1,15
980,1,25
982,1,1
983,1,1
993,1,133
996,1,1
998,1,7
1006,1,4
1010,1,120
1012,1,118
1018,1,8
1026,1,68
1027,1,3
1045,1,116
1054,1,149
1057,1,195
1063,1,101
1065,1,137
1068,1,9
1089,1,159
1091,1,121
1098,1,9
1100,1,90
1110,1,117
1111,1,28
1124,1,154
1132,1,6
1141,1,7
1143,1,1
1144,1,149
1145,1,124
1154,1,8
1169,1,5
1173,1,6
1176,1,5
1178,1,3
1182,1,4
1189,1,26
1190,1,43
1199,1,69
1203,1,1
1204,1,6
1215,1,7
1216,1,156
1222,1,9
1226,1,157
1233,1,5
1237,1,92
1252,1,8
1258,1,5
1260,1,107
1264,1,1
1267,1,8
1270,1,2
1271,1,79
1274,1,64
1277,1,127
1284,1,149
1286,1,21
1297,1,54
1303,1,1
1308,1,159
1337,1,154
1338,1,129
1339,1,78
1351,1,152
1358,1,8
1361,1,173
1370,1,1
1375,1,5
1376,1,14
1377,1,127
1387,1,58
1390,1,95
1391,1,147
1393,1,10
1395,1,10
1404,1,9
1410,1,6
1413,1,9
1422,1,168
1427,1,7
1431,1,9
1433,1,13
1435,1,63
1436,1,75
1437,1,8
1443,1,12
1449,1,13
1450,1,16
1454,1,187
1472,1,128
1485,1,20
1489,1,1
1493,1,1
1496,1,187
1501,1,148
1513,1,143
1521,1,20
1523,1,42
1529,1,156
1530,1,3
1535,1,147
1538,1,1
1552,1,84
1554,1,2
1555,1,12
1556,1,4
1561,1,121
1570,1,200
1574,1,98
1580,1,33
1586,1,3
1587,1,5
1596,1,3
1599,1,151
1609,1,25
1613,1,10
1614,1,76
1616,1,112
1619,1,1
1622,1,124
1625,1,1
1630,1,8
1632,1,122
1633,1,1
1636,1,84
1640,1,1
1646,1,127
1650,1,111
1660,1,1
1663,1,11
1668,1,26
1674,1,97
1678,1,175
1688,1,182
1691,1,53
1692,1,1
1698,1,5
1710,1,148
1715,1,63
1721,1,51
1726,1,1
1730,1,194
1736,1,4
1744,1,157
1747,1,4
1748,1,7
1751,1,1
1752,1,136
1754,1,103
1763,1,139
1768,1,117
1771,1,66
1783,1,1
1789,1,9
1795,1,97
1800,1,110
1804,1,8
1807,1,4
1822,1,5
1826,1,2
1829,1,47
1831,1,58
1834,1,6
1837,1,1
1838,1,189
1840,1,2
1842,1,1
1849,1,45
1851,1,53
1853,1,69
1854,1,3
1856,1,154
1864,1,1
1865,1,4
1876,1,17
1878,1,16
1900,1,6
1904,1,139
1906,1,1
1910,1,152
1912,1,1
1921,1,198
1922,1,6
1923,1,55
1928,1,121
1934,1,53
1943,1,1
1944,1,1
1948,1,16
1959,1,2
1960,1,3
1978,1,170
1987,1,17
1988,1,134
1994,1,1
1997,1,1
2004,1,116
2018,1,41
2027,1,145
2034,1,149
2037,1,1
2045,1,54
2050,1,1
2053,1,1
2062,1,3
2068,1,6
2073,1,118
2075,1,12
2089,1,136
2099,1,102
2107,1,28
2109,1,53
2110,1,6
2111,1,92
2115,1,84
2116,1,24
2117,1,89
2133,1,6
2143,1,112
2153,1,1
2171,1,4
2183,1,189
2184,1,1
2208,1,1
2235,1,10
2245,1,100
2275,1,140
2281,1,1
2285,1,164
2288,1,8
2291,1,1
2300,1,101
2321,1,4
2325,1,57
2332,1,35
2333,1,8
2336,1,1
2347,1,6
2362,1,67
2363,1,1
2385,1,46
2393,1,183
2397,1,1
2420,1,184
2433,1,4
2438,1,1
2457,1,108
2459,1,6
2460,1,5
2461,1,2
2464,1,10
2473,1,5
2491,1,1
2494,1,2
2500,1,168
2502,1,99
2504,1,7
2512,1,1
2513,1,140
2516,1,5
2519,1,119
2534,1,149
2535,1,58
2542,1,1
2544,1,147
2558,1,1
2566,1,88
2572,1,1
2586,1,4
2587,1,1
2588,1,1
2593,1,114
2597,1,160
2605,1,8
2607,1,105
2608,1,70
2610,1,36
2626,1,15
2633,1,1
2636,1,5
2638,1,15
2639,1,108
2640,1,10
2641,1,10
2645,1,108
2648,1,5
2651,1,1
2656,1,104
2662,1,1
2671,1,71
2686,1,4
2687,1,25
2689,1,2
2699,1,93
2703,1,1
2704,1,37
2710,1,57
2713,1,3
2714,1,100
2718,1,1
2733,1,10
2741,1,77
2744,1,2
2757,1,115
2771,1,2
2779,1,123
2781,1,161
2783,1,101
2792,1,68
2801,1,3
2803,1,130
2808,1,146
2821,1,148
2845,1,4
2853,1,8
2854,1,3
2861,1,8
2863,1,1
2880,1,5
2883,1,6
2888,1,1
2892,1,179
2896,1,75
2897,1,1
2898,1,153
2902,1,85
2906,1,35
2909,1,131
2913,1,22
2933,1,1
2937,1,140
2946,1,5
2947,1,4
2950,1,40
2953,1,2
2958,1,1
2959,1,195
2964,1,19
2970,1,26
2974,1,1
2977,1,1
2978,1,5
2994,1,36
2996,1,31
3001,1,10
3008,1,184
3009,1,1
3017,1,9
3022,1,1
3023,1,8
3029,1,130
3031,1,68
3042,1,139
3055,1,4
3069,1,11
3074,1,77
3079,1,2
3082,1,126
3085,1,9
3090,1,27
3092,1,1
3108,1,8
3116,1,38
3118,1,13
3121,1,97
3128,1,1
3143,1,75
3145,1,15
3147,1,15
3148,1,3
3164,1,10
3169,1,1
3174,1,1
3178,1,182
3180,1,186
3197,1,53
3205,1,6
3210,1,147
3213,1,72
3219,1,185
3222,1,7
3227,1,2
3234,1,1
3243,1,182
3246,1,51
3250,1,5
3269,1,19
3273,1,5
3274,1,105
3275,1,1
3281,1,34
3289,1,82
3290,1,77
3292,1,8
3293,1,4
3295,1,45
3297,1,6
3302,1,147
3303,1,5
3310,1,1
3312,1,2
3321,1,24
3330,1,1
3333,1,1
3335,1,1
3354,1,1
3363,1,128
3381,1,196
3382,1,55
3384,1,9
3385,1,8
3393,1,183
3399,1,4
3420,1,74
3439,1,43
3443,1,7
3451,1,106
3474,1,39
3476,1,97
3478,1,4
3489,1,137
3493,1,95
3498,1,2
3501,1,2
3505,1,6
3510,1,8
3523,1,5
3529,1,1
3532,1,10
3537,1,7
3543,1,34
3547,1,4
3551,1,7
3567,1,18
3568,1,187
3581,1,5
3584,1,19
3601,1,80
3602,1,174
3607,1,17
3609,1,157
3619,1,12
3625,1,3
3628,1,4
3631,1,45
3636,1,9
3640,1,181
3651,1,25
3657,1,3
3665,1,185
3668,1,76
3670,1,196
3686,1,106
3694,1,160
3698,1,85
3700,1,92
3703,1,1
3705,1,108
3707,1,200
3718,1,4
3724,1,6
3726,1,148
3733,1,128
3752,1,1
3754,1,150
3755,1,178
3756,1,1
3758,1,1
3761,1,181
3762,1,1
3768,1,95
3769,1,88
3777,1,2
3787,1,175
3794,1,115
3803,1,3
3806,1,1
3824,1,118
3835,1,2
3843,1,3
3848,1,198
3854,1,85
3857,1,45
3864,1,8
3865,1,31
3869,1,8
3880,1,1
3882,1,1
3892,1,6
3896,1,10
3901,1,37
3911,1,165
3914,1,8
3920,1,195
3922,1,5
3932,1,1
3934,1,87
3935,1,194
3939,1,1
3940,1,126
3944,1,76
3948,1,135
3955,1,134
3959,1,6
3960,1,89
3965,1,10
3967,1,180
3971,1,166
3972,1,1
3978,1,1
3985,1,7
3990,1,7
4004,1,1
4010,1,3
4011,1,154
4012,1,44
4027,1,31
4031,1,6
4032,1,1
4037,1,3
4047,1,1
4048,1,47
4052,1,23
4055,1,40
4057,1,1
4071,1,180
4078,1,123
4088,1,1
4096,1,129
4102,1,9
4103,1,188
4109,1,3
4111,1,10
4116,1,6
4122,1,1
4126,1,84
4128,1,1
4136,1,51
4140,1,197
4143,1,1
4146,1,8
4167,1,6
4174,1,5
4180,1,1
4184,1,17
4185,1,1
4188,1,120
4208,1,164
4214,1,147
4216,1,5
4217,1,2
4220,1,20
4222,1,10
4226,1,31
4232,1,158
4252,1,1
4254,1,132
4258,1,200
4259,1,83
4262,1,34
4286,1,45
4292,1,5
4295,1,10
4296,1,8
4300,1,10
4315,1,4
4318,1,1
4321,1,1
4329,1,153
4333,1,118
4344,1,1
4353,1,3
4358,1,114
4366,1,27
4377,1,6
4385,1,19
4404,1,1
4409,1,9
4411,1,1
4413,1,72
4415,1,164
4420,1,199
4433,1,1
4437,1,9
4443,1,168
4445,1,148
4450,1,76
4455,1,191
4464,1,9
4471,1,1
4477,1,1
4488,1,103
4489,1,1
4492,1,39
4504,1,1
4511,1,7
4518,1,1
4527,1,1
4528,1,91
4531,1,1
4539,1,77
4562,1,41
4564,1,1
4579,1,111
4582,1,142
4583,1,15
4589,1,36
4591,1,8
4597,1,50
4603,1,2
4605,1,170
4628,1,184
4639,1,60
4640,1,1
4648,1,12
4651,1,32
4656,1,174
4657,1,158
4661,1,1
4671,1,1
4677,1,150
4679,1,186
4688,1,59
4691,1,1
4696,1,194
4705,1,33
4710,1,1
4715,1,151
4723,1,63
4726,1,83
4732,1,1
4738,1,73
4740,1,1
4743,1,6
4745,1,1
4755,1,29
4760,1,1
4765,1,138
4767,1,4
4768,1,25
4778,1,9
4780,1,2
4808,1,9
4811,1,7
4828,1,81
4829,1,6
4830,1,85
4832,1,146
4833,1,1
4835,1,2
4836,1,1
4881,1,80
4885,1,10
4888,1,83
4890,1,42
4892,1,10
4897,1,1
4905,1,5
4914,1,3
4917,1,133
4927,1,2
4928,1,78
4940,1,10
4945,1,24
4952,1,10
4955,1,1
4960,1,4
4966,1,2
4978,1,46
4986,1,125
4987,1,26
4989,1,1
4999,1,2
5000,1,41
3,2,101
4,2,74
5,2,45
6,2,86
7,2,146
8,2,33
9,2,67
10,2,27
11,2,5
12,2,145
13,2,21
14,2,163
15,2,9
24,2,62
28,2,76
39,2,116
42,2,197
45,2,44
47,2,8
49,2,41
55,2,2
59,2,176
63,2,142
67,2,2
75,2,2
81,2,83
85,2,85
95,2,18
96,2,182
100,2,42
106,2,149
109,2,153
115,2,2
116,2,54
125,2,66
129,2,2
132,2,2
142,2,9
148,2,11
151,2,17
157,2,4
160,2,65
165,2,37
167,2,182
170,2,9
173,2,76
184,2,141
190,2,7
193,2,37
195,2,152
199,2,7
208,2,2
215,2,91
222,2,1
226,2,193
235,2,140
243,2,133
244,2,63
246,2,51
256,2,168
263,2,2
264,2,69
268,2,34
270,2,163
281,2,2
291,2,8
295,2,22
303,2,82
306,2,37
309,2,4
312,2,126
313,2,151
331,2,33
345,2,2
348,2,6
366,2,136
368,2,7
370,2,105
375,2,8
382,2,8
383,2,122
389,2,79
390,2,2
403,2,117
409,2,186
415,2,2
418,2,2
426,2,8
430,2,79
432,2,31
438,2,74
439,2,2
442,2,68
445,2,77
481,2,141
484,2,157
487,2,113
488,2,126
500,2,2
501,2,103
502,2,88
507,2,118
510,2,2
513,2,70
516,2,3
517,2,180
521,2,1
523,2,2
530,2,7
532,2,8
546,2,124
554,2,41
560,2,3
569,2,134
571,2,52
577,2,134
582,2,9
593,2,66
594,2,2
599,2,2
600,2,153
602,2,200
605,2,135
609,2,2
615,2,79
626,2,2
636,2,5
640,2,19
644,2,2
648,2,2
649,2,154
658,2,138
669,2,186
671,2,118
686,2,5
691,2,5
692,2,192
697,2,104
699,2,5
720,2,2
721,2,78
722,2,8
726,2,2
727,2,2
736,2,91
737,2,198
740,2,144
747,2,2
749,2,145
750,2,42
758,2,136
764,2,10
767,2,185
772,2,40
789,2,2
792,2,147
793,2,2
803,2,34
814,2,18
819,2,183
827,2,109
844,2,194
845,2,103
847,2,9
849,2,2
850,2,2
854,2,73
857,2,39
858,2,194
863,2,9
870,2,2
872,2,36
875,2,3
893,2,152
904,2,2
912,2,135
920,2,2
925,2,6
932,2,7
942,2,121
943,2,37
957,2,10
962,2,10
966,2,2
968,2,62
980,2,196
982,2,3
993,2,46
996,2,2
998,2,9
1006,2,2
1010,2,189
1012,2,30
1018,2,5
1026,2,95
1027,2,2
1041,2,2
1045,2,189
1054,2,175
1057,2,183
1063,2,136
1065,2,65
1068,2,23
1089,2,9
1091,2,132
1098,2,2
1100,2,68
1110,2,60
1111,2,23
1124,2,173
1141,2,2
1144,2,21
1145,2,7
1154,2,1
1169,2,9
1173,2,2
1176,2,1
1178,2,7
1182,2,2
1185,2,2
1189,2,151
1190,2,172
1199,2,189
1204,2,2
1208,2,2
1215,2,2
1216,2,162
1222,2,4
1223,2,2
1226,2,156
1233,2,2
1237,2,51
1252,2,2
1256,2,2
1260,2,8
1267,2,4
1270,2,2
1271,2,8
1274,2,73
1277,2,59
1280,2,2
1284,2,44
1286,2,63
1297,2,7
1308,2,44
1321,2,2
1332,2,2
1337,2,25
1338,2,100
1339,2,71
1348,2,2
1351,2,60
1358,2,6
1361,2,185
1367,2,2
1370,2,7
1375,2,2
1376,2,110
1377,2,199
1387,2,160
1390,2,119
1391,2,51
1393,2,6
1395,2,4
1399,2,2
1404,2,2
1410,2,2
1413,2,95
1422,2,3
1430,2,2
1431,2,4
1433,2,88
1435,2,165
1436,2,140
1437,2,135
1443,2,36
1449,2,104
1450,2,184
1454,2,66
1472,2,184
1485,2,69
1493,2,1
1496,2,104
1501,2,10
1512,2,2
1513,2,22
1521,2,159
1523,2,195
1529,2,152
1535,2,45
1552,2,105
1554,2,177
1555,2,125
1556,2,1
1561,2,61
1570,2,124
1574,2,69
1580,2,2
1587,2,4
1596,2,9
1599,2,55
1609,2,22
1614,2,64
1616,2,150
1619,2,6
1622,2,141
1630,2,186
1632,2,165
1636,2,144
1640,2,2
1646,2,71
1647,2,2
1650,2,133
1663,2,106
1668,2,156
1674,2,131
1678,2,17
1688,2,51
1691,2,185
1708,2,2
1710,2,124
1715,2,181
1721,2,108
1730,2,27
1744,2,187
1747,2,10
1748,2,4
1752,2,67
1754,2,58
1768,2,179
1771,2,41
1789,2,50
1795,2,154
1800,2,24
1804,2,85
1807,2,8
1814,2,2
1826,2,10
1829,2,143
1831,2,118
1834,2,140
1838,2,29
1849,2,185
1851,2,17
1853,2,38
1854,2,9
1856,2,51
1865,2,42
1876,2,139
1878,2,187
1879,2,2
1900,2,9
1904,2,11
1906,2,9
1910,2,53
1921,2,22
1922,2,3
1923,2,13
1928,2,172
1934,2,72
1935,2,2
1944,2,10
1948,2,4
1959,2,9
1960,2,6
1962,2,2
1978,2,89
1987,2,49
1988,2,29
1989,2,2
1994,2,3
2004,2,145
2013,2,2
2018,2,189
2020,2,2
2027,2,28
2034,2,147
2036,2,2
2037,2,2
2045,2,125
2053,2,3
2062,2,6
2068,2,10
2073,2,102
2075,2,40
2089,2,10
2099,2,135
2100,2,2
2107,2,87
2109,2,185
2110,2,131
2111,2,162
2115,2,58
2116,2,96
2117,2,146
2125,2,2
2133,2,5
2135,2,2
2143,2,5
2153,2,2
2164,2,2
2171,2,10
2183,2,109
2208,2,2
2227,2,2
2230,2,2
2235,2,5
2245,2,55
2275,2,100
2285,2,173
2288,2,3
2291,2,4
2297,2,2
2300,2,131
2321,2,83
2325,2,70
2332,2,45
2333,2,6
2362,2,131
2363,2,2
2385,2,77
2393,2,69
2397,2,2
2420,2,194
2433,2,3
2438,2,2
2448,2,2
2457,2,192
2460,2,10
2461,2,6
2464,2,2
2473,2,91
2491,2,2
2494,2,195
2500,2,138
2502,2,87
2513,2,49
2519,2,50
2534,2,64
2535,2,114
2544,2,88
2558,2,2
2560,2,2
2566,2,198
2587,2,2
2593,2,22
2597,2,193
2600,2,2
2605,2,5
2607,2,62
2608,2,20
2610,2,170
2626,2,184
2636,2,6
2638,2,56
2639,2,172
2641,2,3
2645,2,3
2648,2,8
2651,2,2
2655,2,2
2656,2,200
2671,2,158
2686,2,10
2687,2,120
2689,2,8
2699,2,134
2703,2,2
2704,2,134
2710,2,99
2713,2,9
2714,2,94
2718,2,2
2733,2,7
2741,2,12
2744,2,5
2757,2,68
2771,2,9
2779,2,27
2781,2,183
2783,2,190
2792,2,49
2801,2,9
2803,2,132
2808,2,57
2821,2,127
2845,2,19
2853,2,2
2854,2,7
2861,2,1
2878,2,2
2880,2,6
2883,2,2
2888,2,2
2892,2,124
2896,2,87
2898,2,76
2902,2,174
2906,2,73
2909,2,171
2913,2,153
2928,2,2
2937,2,20
2938,2,2
2947,2,8
2950,2,92
2951,2,2
2953,2,9
2958,2,3
2959,2,110
2961,2,2
2964,2,97
2970,2,19
2978,2,3
2987,2,2
2994,2,76
2996,2,129
3001,2,2
3008,2,86
3017,2,3
3029,2,128
3031,2,136
3049,2,2
3055,2,2
3069,2,115
3071,2,2
3074,2,53
3082,2,94
3085,2,1
3090,2,89
3108,2,5
3116,2,137
3118,2,100
3121,2,161
3123,2,2
3137,2,2
3143,2,184
3145,2,147
3147,2,196
3148,2,4
3164,2,2
3169,2,2
3174,2,2
3178,2,107
3180,2,4
3197,2,93
3205,2,9
3210,2,96
3213,2,145
3219,2,91
3227,2,2
3243,2,28
3246,2,11
3250,2,2
3269,2,58
3273,2,7
3274,2,42
3275,2,4
3281,2,134
3289,2,195
3290,2,6
3293,2,22
3295,2,7
3297,2,2
3302,2,132
3303,2,8
3310,2,2
3321,2,92
3335,2,2
3336,2,2
3354,2,2
3363,2,126
3369,2,2
3381,2,170
3382,2,153
3385,2,2
3393,2,64
3394,2,2
3409,2,2
3418,2,2
3420,2,100
3439,2,55
3443,2,3
3451,2,84
3454,2,2
3474,2,130
3476,2,193
3478,2,9
3489,2,69
3493,2,157
3501,2,6
3505,2,2
3510,2,142
3532,2,5
3536,2,2
3537,2,4
3540,2,2
3543,2,37
3547,2,1
3551,2,2
3565,2,2
3567,2,133
3568,2,184
3584,2,164
3601,2,52
3602,2,163
3607,2,173
3609,2,138
3619,2,192
3625,2,88
3628,2,5
3631,2,30
3636,2,8
3640,2,197
3651,2,23
3656,2,2
3657,2,9
3665,2,154
3668,2,4
3670,2,13
3686,2,89
3694,2,86
3698,2,198
3700,2,198
3703,2,2
3705,2,56
3707,2,200
3718,2,9
3726,2,200
3733,2,136
3750,2,2
3754,2,117
3755,2,92
3756,2,2
3758,2,9
3761,2,31
3768,2,26
3769,2,119
3777,2,108
3787,2,153
3794,2,184
3796,2,2
3803,2,9
3824,2,158
3835,2,9
3843,2,4
3848,2,20
3854,2,82
3857,2,149
3864,2,2
3865,2,31
3892,2,2
3896,2,2
3901,2,121
3911,2,108
3914,2,2
3920,2,54
3922,2,48
3932,2,2
3934,2,110
3935,2,144
3940,2,76
3944,2,31
3948,2,37
3955,2,167
3960,2,123
3965,2,2
3967,2,184
3971,2,163
3972,2,1
3978,2,2
3985,2,3
3991,2,2
4010,2,152
4011,2,78
4012,2,200
4027,2,130
4031,2,10
4032,2,2
4037,2,8
4044,2,2
4048,2,152
4052,2,19
4055,2,184
4057,2,9
4071,2,82
4078,2,197
4096,2,1
4102,2,114
4103,2,155
4109,2,10
4111,2,2
4116,2,1
4122,2,9
4126,2,126
4136,2,178
4140,2,46
4143,2,7
4146,2,3
4160,2,2
4180,2,2
4184,2,121
4186,2,2
4188,2,161
4208,2,177
4214,2,193
4216,2,29
4217,2,190
4220,2,160
4226,2,146
4232,2,196
4254,2,133
4258,2,75
4259,2,157
4262,2,97
4274,2,2
4286,2,186
4295,2,6
4296,2,2
4300,2,9
4315,2,162
4318,2,8
4329,2,115
4333,2,122
4344,2,2
4353,2,2
4354,2,2
4358,2,116
4366,2,55
4377,2,3
4379,2,2
4383,2,2
4385,2,173
4404,2,5
4409,2,3
4413,2,155
4415,2,150
4420,2,72
4431,2,2
4433,2,6
4443,2,153
4445,2,161
4450,2,127
4455,2,17
4461,2,2
4477,2,10
4480,2,2
4488,2,136
4492,2,161
4504,2,7
4511,2,2
4515,2,2
4528,2,84
4531,2,2
4539,2,42
4553,2,2
4560,2,2
4562,2,58
4564,2,2
4579,2,12
4582,2,63
4583,2,148
4589,2,26
4591,2,1
4597,2,130
4603,2,10
4605,2,100
4609,2,2
4628,2,162
4639,2,9
4648,2,99
4651,2,118
4656,2,192
4657,2,114
4667,2,2
4677,2,139
4679,2,102
4688,2,150
4696,2,139
4705,2,56
4715,2,93
4723,2,42
4726,2,5
4738,2,56
4743,2,2
4755,2,105
4759,2,2
4760,2,2
4765,2,66
4767,2,3
4768,2,52
4778,2,3
4780,2,1
4807,2,2
4808,2,2
4811,2,9
4828,2,122
4829,2,9
4830,2,146
4832,2,35
4836,2,2
4849,2,2
4875,2,2
4881,2,69
4885,2,5
4888,2,159
4890,2,187
4892,2,6
4897,2,5
4902,2,2
4905,2,10
4914,2,9
4917,2,23
4920,2,2
4927,2,1
4928,2,81
4931,2,2
4940,2,3
4945,2,129
4952,2,7
4955,2,2
4960,2,3
4978,2,66
4986,2,113
4987,2,185
4989,2,5
4999,2,179
5000,2,15
3,3,12
4,3,186
5,3,99
6,3,17
7,3,83
8,3,100
9,3,153
10,3,18
11,3,5
12,3,15
13,3,80
14,3,138
15,3,50
24,3,108
28,3,8
39,3,55
42,3,82
45,3,183
49,3,33
59,3,108
63,3,185
81,3,8
85,3,146
95,3,47
96,3,181
106,3,142
109,3,75
115,3,7
116,3,67
125,3,61
126,3,3
132,3,9
142,3,6
148,3,136
151,3,125
157,3,5
160,3,71
165,3,92
167,3,72
173,3,68
184,3,123
193,3,99
195,3,16
199,3,1
215,3,26
218,3,3
226,3,39
235,3,19
243,3,35
244,3,9
246,3,46
256,3,168
268,3,66
270,3,123
295,3,154
303,3,176
306,3,123
309,3,3
312,3,91
313,3,173
331,3,154
366,3,184
370,3,6
382,3,10
383,3,30
389,3,126
403,3,21
409,3,120
418,3,3
424,3,3
426,3,133
430,3,133
432,3,148
438,3,60
439,3,8
442,3,47
445,3,34
478,3,3
480,3,3
481,3,148
484,3,190
487,3,92
488,3,170
501,3,21
502,3,115
507,3,190
510,3,10
513,3,137
516,3,9
517,3,20
521,3,69
530,3,2
532,3,2
546,3,146
549,3,175
550,3,3
554,3,130
560,3,166
569,3,111
571,3,179
576,3,3
577,3,197
582,3,4
593,3,180
594,3,3
599,3,9
600,3,161
602,3,141
605,3,170
609,3,3
615,3,55
640,3,9
644,3,8
649,3,94
655,3,3
658,3,115
669,3,146
671,3,117
691,3,4
692,3,177
697,3,18
699,3,10
721,3,81
722,3,4
727,3,8
736,3,97
737,3,85
740,3,184
747,3,3
749,3,15
750,3,122
758,3,196
764,3,3
767,3,13
772,3,109
777,3,3
792,3,94
803,3,137
804,3,3
814,3,36
819,3,31
827,3,173
844,3,30
845,3,185
849,3,3
850,3,3
854,3,124
857,3,133
858,3,113
863,3,3
872,3,53
875,3,3
893,3,66
904,3,3
912,3,107
925,3,9
932,3,3
933,3,3
942,3,102
943,3,182
968,3,196
980,3,43
982,3,9
983,3,3
988,3,3
993,3,8
996,3,3
1006,3,3
1010,3,48
1012,3,36
1026,3,138
1027,3,10
1041,3,3
1045,3,44
1054,3,184
1057,3,60
1063,3,86
1065,3,190
1068,3,93
1089,3,67
1091,3,68
1098,3,3
1100,3,193
1103,3,3
1110,3,56
1111,3,3
1124,3,136
1136,3,3
1143,3,3
1144,3,195
1145,3,4
1154,3,9
1169,3,8
1176,3,3
1178,3,3
1186,3,3
1188,3,3
1190,3,37
1197,3,3
1199,3,61
1204,3,3
1215,3,3
1216,3,90
1222,3,1
1226,3,79
1237,3,192
1244,3,3
1258,3,3
1260,3,96
1264,3,3
1270,3,3
1271,3,123
1274,3,187
1277,3,97
1280,3,3
1284,3,16
1286,3,99
1297,3,62
1303,3,3
1308,3,78
1321,3,3
1332,3,3
1337,3,50
1338,3,16
1339,3,75
1341,3,3
1344,3,3
1351,3,25
1361,3,10
1370,3,9
1375,3,6
1376,3,91
1377,3,189
1387,3,89
1390,3,15
1391,3,192
1393,3,4
1395,3,2
1399,3,3
1404,3,3
1410,3,1
1413,3,199
1422,3,83
1430,3,3
1431,3,7
1433,3,118
1435,3,138
1436,3,85
1437,3,76
1443,3,136
1449,3,175
1450,3,124
1454,3,4
1459,3,3
1471,3,3
1472,3,5
1485,3,62
1489,3,3
1493,3,3
1496,3,28
1501,3,63
1504,3,3
1512,3,3
1513,3,69
1521,3,11
1523,3,61
1529,3,8
1535,3,12
1552,3,32
1554,3,132
1555,3,20
1561,3,91
1570,3,44
1574,3,10
1580,3,181
1587,3,3
1596,3,6
1599,3,30
1609,3,148
1614,3,120
1616,3,110
1622,3,159
1630,3,187
1632,3,48
1636,3,156
1646,3,19
1650,3,198
1663,3,132
1668,3,105
1674,3,57
1678,3,9
1687,3,3
1688,3,79
1691,3,160
1710,3,9
1715,3,33
1717,3,3
1721,3,40
1726,3,3
1730,3,1
1736,3,3
1744,3,112
1748,3,3
1752,3,148
1754,3,139
1763,3,132
1768,3,119
1771,3,107
1789,3,98
1795,3,35
1800,3,39
1804,3,51
1807,3,7
1829,3,140
1831,3,120
1834,3,148
1838,3,43
1848,3,3
1849,3,162
1851,3,200
1853,3,29
1854,3,1
1856,3,85
1865,3,64
1876,3,80
1878,3,76
1900,3,3
1904,3,4
1906,3,8
1910,3,163
1921,3,7
1922,3,10
1923,3,161
1928,3,87
1934,3,173
1944,3,7
1948,3,140
1959,3,8
1978,3,75
1987,3,174
1988,3,102
1994,3,4
2004,3,168
2018,3,34
2027,3,110
2034,3,114
2035,3,3
2037,3,3
2045,3,93
2050,3,3
2053,3,6
2062,3,3
2068,3,7
2073,3,31
2075,3,120
2089,3,170
2097,3,3
2099,3,38
2107,3,187
2109,3,103
2110,3,71
2111,3,74
2115,3,108
2116,3,45
2117,3,130
2137,3,3
2143,3,41
2159,3,3
2164,3,3
2183,3,52
2189,3,3
2235,3,7
2245,3,2
2269,3,3
2275,3,56
2285,3,25
2288,3,3
2291,3,3
2300,3,36
2321,3,166
2325,3,138
2332,3,172
2333,3,3
2362,3,95
2385,3,94
2387,3,3
2393,3,145
2397,3,3
2420,3,74
2433,3,8
2451,3,3
2457,3,150
2459,3,3
2460,3,3
2464,3,1
2473,3,193
2491,3,5
2494,3,81
2500,3,156
2502,3,33
2513,3,127
2519,3,174
2534,3,95
2535,3,60
2544,3,51
2553,3,3
2566,3,134
2587,3,3
2593,3,193
2597,3,58
2607,3,165
2608,3,153
2610,3,37
2626,3,116
2633,3,3
2636,3,3
2638,3,155
2639,3,137
2641,3,8
2645,3,154
2648,3,9
2656,3,136
2671,3,200
2683,3,3
2686,3,3
2687,3,66
2689,3,9
2699,3,96
2704,3,81
2710,3,7
2713,3,3
2714,3,22
2733,3,5
2737,3,3
2741,3,75
2744,3,10
2757,3,131
2779,3,29
2781,3,22
2783,3,109
2792,3,98
2801,3,8
2803,3,165
2808,3,195
2821,3,185
2845,3,140
2853,3,5
2861,3,7
2883,3,3
2888,3,3
2892,3,46
2896,3,115
2898,3,106
2900,3,3
2902,3,14
2906,3,30
2909,3,4
2913,3,168
2937,3,127
2947,3,7
2949,3,3
2950,3,14
2958,3,1
2959,3,81
2964,3,76
2970,3,9
2978,3,3
2987,3,3
2994,3,115
2996,3,167
3001,3,3
3008,3,71
3017,3,5
3029,3,131
3031,3,28
3042,3,179
3044,3,3
3051,3,3
3069,3,134
3074,3,134
3082,3,121
3085,3,4
3090,3,110
3105,3,3
3108,3,6
3116,3,4
3118,3,84
3121,3,18
3123,3,3
3143,3,166
3145,3,180
3147,3,117
3148,3,9
3174,3,3
3178,3,7
3180,3,156
3185,3,3
3197,3,115
3210,3,195
3213,3,166
3219,3,17
3220,3,3
3226,3,3
3227,3,4
3234,3,3
3243,3,92
3246,3,107
3269,3,153
3274,3,10
3281,3,5
3289,3,99
3290,3,169
3293,3,143
3295,3,18
3302,3,84
3310,3,3
3321,3,34
3335,3,3
3354,3,1
3356,3,3
3363,3,99
3381,3,195
3382,3,157
3385,3,2
3393,3,182
3420,3,44
3439,3,174
3451,3,2
3474,3,44
3476,3,164
3480,3,3
3489,3,186
3493,3,92
3498,3,3
3501,3,10
3510,3,109
3523,3,3
3532,3,7
3537,3,9
3543,3,86
3551,3,3
3567,3,197
3568,3,179
3584,3,132
3601,3,9
3602,3,25
3607,3,39
3609,3,35
3619,3,128
3625,3,68
3628,3,1
3631,3,170
3636,3,3
3640,3,63
3651,3,17
3657,3,8
3663,3,3
3665,3,102
3668,3,87
3670,3,116
3686,3,161
3694,3,3
3698,3,181
3700,3,76
3703,3,3
3705,3,96
3707,3,63
3724,3,3
3726,3,32
3733,3,68
3738,3,3
3750,3,3
3754,3,62
3755,3,51
3758,3,5
3761,3,36
3762,3,3
3768,3,124
3769,3,103
3777,3,186
3787,3,90
3794,3,11
3796,3,3
3803,3,10
3824,3,168
3835,3,8
3843,3,6
3848,3,157
3854,3,105
3857,3,28
3864,3,3
3865,3,153
3892,3,4
3901,3,130
3911,3,194
3914,3,5
3920,3,8
3922,3,11
3934,3,3
3935,3,89
3937,3,3
3940,3,10
3944,3,68
3948,3,175
3955,3,59
3957,3,3
3960,3,60
3967,3,122
3971,3,136
3978,3,10
3985,3,1
3988,3,3
4010,3,9
4011,3,3
4012,3,111
4013,3,3
4027,3,2
4044,3,3
4048,3,71
4052,3,122
4055,3,143
4071,3,180
4078,3,181
4084,3,3
4096,3,1
4097,3,3
4102,3,126
4103,3,152
4109,3,8
4111,3,7
4116,3,3
4122,3,8
4123,3,3
4126,3,114
4128,3,3
4136,3,183
4140,3,3
4180,3,3
4184,3,2
4186,3,3
4188,3,55
4194,3,3
4208,3,78
4214,3,140
4216,3,176
4217,3,62
4220,3,52
4226,3,46
4232,3,93
4254,3,156
4258,3,136
4259,3,158
4262,3,3
4271,3,3
4286,3,168
4296,3,9
4300,3,8
4311,3,3
4315,3,25
4329,3,93
4333,3,131
4344,3,3
4354,3,3
4358,3,183
4366,3,199
4377,3,10
4385,3,67
4397,3,3
4413,3,165
4415,3,68
4420,3,183
4433,3,10
4443,3,76
4445,3,129
4450,3,58
4451,3,3
4455,3,147
4477,3,3
4488,3,137
4492,3,194
4511,3,2
4528,3,174
4531,3,4
4539,3,82
4562,3,94
4579,3,153
4582,3,21
4583,3,177
4589,3,116
4591,3,9
4592,3,3
4597,3,126
4602,3,3
4605,3,118
4612,3,3
4628,3,83
4639,3,41
4648,3,42
4651,3,45
4656,3,94
4657,3,29
4671,3,3
4673,3,3
4677,3,198
4679,3,187
4688,3,1
4691,3,3
4696,3,180
4702,3,3
4705,3,78
4715,3,158
4723,3,188
4726,3,59
4738,3,199
4745,3,3
4755,3,26
4765,3,79
4767,3,3
4768,3,72
4778,3,4
4779,3,3
4780,3,7
4828,3,3
4829,3,8
4830,3,109
4833,3,3
4836,3,7
4881,3,127
4886,3,3
4888,3,28
4890,3,99
4897,3,9
4905,3,6
4914,3,10
4917,3,116
4918,3,3
4927,3,3
4928,3,179
4931,3,3
4940,3,3
4945,3,71
4955,3,6
4975,3,3
4978,3,30
4986,3,15
4987,3,144
4989,3,3
4999,3,103
5000,3,43
3,4,14
4,4,9
5,4,37
6,4,83
7,4,51
8,4,140
9,4,103
10,4,42
11,4,27
12,4,183
13,4,174
14,4,76
15,4,159
24,4,190
28,4,70
39,4,69
42,4,188
45,4,155
49,4,64
59,4,148
63,4,92
81,4,94
85,4,174
95,4,60
96,4,177
100,4,143
106,4,101
109,4,110
116,4,131
125,4,23
132,4,4
148,4,80
151,4,158
160,4,110
165,4,154
167,4,21
173,4,75
184,4,6
190,4,4
193,4,175
195,4,10
199,4,4
215,4,171
226,4,178
235,4,56
243,4,80
244,4,97
246,4,32
253,4,4
256,4,19
264,4,141
268,4,108
270,4,160
272,4,4
279,4,4
295,4,185
303,4,158
306,4,15
309,4,7
312,4,30
313,4,173
331,4,162
366,4,171
367,4,4
370,4,18
374,4,4
383,4,67
389,4,54
392,4,4
403,4,179
409,4,163
415,4,4
426,4,131
430,4,41
432,4,45
438,4,40
442,4,17
445,4,9
463,4,4
481,4,44
484,4,128
487,4,82
488,4,65
490,4,4
501,4,160
502,4,64
507,4,40
510,4,7
513,4,180
517,4,112
521,4,117
532,4,4
546,4,123
549,4,16
554,4,106
560,4,132
569,4,92
571,4,79
577,4,72
588,4,4
593,4,114
599,4,3
600,4,3
602,4,74
605,4,10
615,4,156
622,4,4
640,4,27
649,4,29
658,4,23
663,4,4
669,4,136
671,4,171
686,4,4
692,4,77
697,4,121
699,4,144
702,4,4
721,4,106
736,4,80
737,4,32
740,4,193
747,4,4
749,4,157
750,4,175
758,4,176
762,4,4
764,4,4
767,4,45
772,4,64
785,4,4
792,4,73
803,4,6
814,4,114
819,4,4
827,4,9
834,4,4
844,4,152
845,4,5
850,4,4
854,4,91
857,4,150
858,4,5
863,4,10
872,4,6
875,4,8
893,4,147
904,4,4
912,4,98
924,4,4
932,4,6
942,4,187
943,4,99
968,4,145
980,4,73
993,4,45
998,4,4
1010,4,49
1012,4,115
1022,4,4
1025,4,4
1026,4,96
1037,4,4
1041,4,4
1045,4,134
1054,4,152
1057,4,192
1063,4,94
1065,4,181
1068,4,27
1089,4,3
1091,4,115
1100,4,67
1110,4,2
1111,4,39
1124,4,136
1144,4,164
1145,4,68
1164,4,4
1173,4,4
1178,4,10
1186,4,4
1189,4,185
1190,4,102
1199,4,13
1215,4,9
1216,4,166
1226,4,6
1237,4,10
1244,4,4
1258,4,4
1260,4,183
1264,4,4
1270,4,4
1271,4,10
1274,4,28
1277,4,27
1280,4,4
1284,4,158
1286,4,122
1297,4,100
1308,4,112
1319,4,4
1337,4,145
1338,4,85
1339,4,192
1351,4,42
1361,4,58
1370,4,8
1376,4,94
1377,4,9
1387,4,158
1390,4,168
1391,4,7
1393,4,4
1395,4,4
1399,4,4
1403,4,4
1404,4,7
1413,4,132
1422,4,9
1433,4,10
1435,4,63
1436,4,85
1437,4,104
1443,4,193
1449,4,10
1450,4,120
1454,4,125
1472,4,168
1485,4,107
1493,4,4
1496,4,159
1501,4,189
1505,4,4
1512,4,4
1513,4,153
1521,4,177
1523,4,28
1529,4,168
1531,4,4
1535,4,96
1548,4,4
1552,4,170
1554,4,199
1555,4,114
1561,4,148
1570,4,79
1574,4,148
1580,4,68
1591,4,4
1599,4,159
1601,4,4
1609,4,176
1614,4,152
1616,4,8
1622,4,99
1630,4,101
1632,4,173
1636,4,57
1646,4,164
1650,4,177
1655,4,4
1663,4,79
1666,4,4
1668,4,52
1674,4,87
1678,4,200
1688,4,173
1691,4,98
1692,4,4
1707,4,4
1710,4,20
1715,4,90
1721,4,141
1730,4,16
1744,4,76
1752,4,157
1754,4,59
1763,4,53
1768,4,117
1771,4,198
1784,4,4
1789,4,48
1795,4,130
1800,4,65
1804,4,36
1822,4,4
1829,4,97
1831,4,121
1834,4,66
1838,4,58
1840,4,4
1848,4,4
1849,4,182
1851,4,191
1853,4,29
1856,4,186
1865,4,156
1876,4,82
1878,4,117
1904,4,119
1906,4,10
1910,4,112
1921,4,42
1923,4,175
1928,4,27
1934,4,158
1944,4,4
1948,4,51
1978,4,23
1987,4,45
1988,4,121
1997,4,4
2004,4,196
2018,4,118
2027,4,121
2031,4,4
2034,4,19
2037,4,4
2045,4,59
2062,4,7
2068,4,4
2073,4,183
2075,4,38
2089,4,33
2099,4,171
2107,4,119
2109,4,178
2110,4,171
2111,4,118
2115,4,94
2116,4,87
2117,4,163
2122,4,4
2143,4,81
2164,4,4
2171,4,4
2183,4,10
2184,4,4
2187,4,4
2201,4,4
2208,4,4
2227,4,4
2245,4,29
2275,4,15
2285,4,92
2291,4,4
2300,4,82
2301,4,4
2321,4,99
2325,4,75
2332,4,15
2362,4,3
2366,4,4
2369,4,4
2374,4,4
2385,4,29
2387,4,4
2393,4,23
2397,4,4
2420,4,33
2448,4,4
2452,4,4
2457,4,80
2460,4,4
2464,4,4
2473,4,180
2491,4,4
2494,4,40
2498,4,4
2500,4,186
2502,4,92
2504,4,4
2513,4,10
2519,4,37
2534,4,142
2535,4,43
2542,4,4
2544,4,182
2558,4,4
2565,4,4
2566,4,26
2572,4,4
2587,4,2
2593,4,139
2596,4,4
2597,4,53
2607,4,36
2608,4,148
2610,4,135
2626,4,189
2638,4,97
2639,4,68
2645,4,21
2648,4,4
2656,4,76
2671,4,1
2686,4,5
2687,4,150
2699,4,112
2703,4,4
2704,4,163
2708,4,4
2710,4,177
2713,4,2
2714,4,139
2715,4,4
2718,4,4
2737,4,4
2741,4,95
2757,4,157
2765,4,4
2779,4,102
2781,4,131
2783,4,145
2792,4,158
2803,4,14
2808,4,179
2821,4,26
2822,4,4
2845,4,13
2853,4,6
2863,4,4
2888,4,8
2892,4,150
2896,4,157
2898,4,172
2902,4,56
2906,4,156
2909,4,183
2911,4,4
2913,4,126
2937,4,79
2946,4,4
2950,4,87
2958,4,4
2959,4,183
2964,4,170
2970,4,28
2994,4,162
2996,4,187
3001,4,9
3008,4,61
3017,4,4
3022,4,4
3029,4,96
3031,4,192
3042,4,11
3044,4,4
3054,4,4
3069,4,172
3071,4,4
3074,4,86
3082,4,199
3083,4,4
3090,4,179
3096,4,4
3116,4,115
3118,4,112
3119,4,4
3121,4,86
3128,4,4
3143,4,178
3145,4,131
3147,4,136
3152,4,4
3174,4,2
3178,4,103
3180,4,19
3191,4,4
3197,4,179
3210,4,72
3213,4,160
3219,4,23
3220,4,4
3222,4,4
3234,4,4
3243,4,166
3246,4,61
3250,4,4
3269,4,21
3274,4,197
3281,4,105
3289,4,158
3290,4,141
3292,4,4
3293,4,149
3295,4,143
3302,4,8
3310,4,4
3321,4,51
3353,4,4
3354,4,4
3363,4,165
3381,4,3
3382,4,37
3384,4,4
3393,4,45
3420,4,181
3439,4,198
3451,4,127
3474,4,92
3476,4,1
3489,4,171
3493,4,106
3498,4,4
3510,4,156
3537,4,4
3542,4,4
3543,4,94
3551,4,1
3565,4,4
3567,4,23
3568,4,189
3584,4,192
3601,4,120
3602,4,162
3607,4,171
3609,4,25
3619,4,99
3624,4,4
3625,4,3
3628,4,4
3631,4,170
3632,4,4
3636,4,1
3640,4,129
3651,4,79
3663,4,4
3665,4,48
3668,4,76
3670,4,12
3686,4,33
3694,4,157
3698,4,8
3700,4,33
3705,4,49
3707,4,162
3726,4,14
3733,4,35
3738,4,4
3754,4,140
3755,4,152
3756,4,4
3758,4,4
3761,4,22
3768,4,169
3769,4,105
3777,4,88
3787,4,112
3794,4,162
3796,4,4
3803,4,4
3808,4,4
3822,4,4
3824,4,18
3848,4,188
3854,4,32
3857,4,91
3865,4,97
3882,4,4
3901,4,120
3911,4,113
3914,4,6
3920,4,143
3922,4,153
3934,4,138
3935,4,162
3940,4,4
3944,4,119
3948,4,146
3955,4,94
3960,4,62
3965,4,4
3967,4,176
3971,4,133
3978,4,7
3991,4,4
4010,4,113
4011,4,99
4012,4,196
4027,4,171
4032,4,4
4048,4,99
4052,4,109
4055,4,3
4071,4,66
4078,4,67
4096,4,90
4102,4,107
4103,4,27
4109,4,4
4116,4,2
4119,4,4
4126,4,9
4136,4,48
4140,4,93
4143,4,4
4184,4,189
4186,4,4
4188,4,182
4208,4,143
4214,4,76
4216,4,15
4217,4,154
4220,4,35
4226,4,15
4232,4,36
4254,4,35
4258,4,156
4259,4,50
4262,4,128
4271,4,4
4286,4,1
4291,4,4
4296,4,4
4300,4,4
4315,4,103
4318,4,4
4321,4,4
4327,4,4
4329,4,24
4330,4,4
4333,4,90
4358,4,50
4366,4,125
4385,4,158
4413,4,44
4415,4,135
4417,4,4
4420,4,134
4433,4,3
4443,4,156
4445,4,141
4450,4,196
4455,4,29
4461,4,4
4477,4,4
4487,4,4
4488,4,42
4489,4,4
4492,4,105
4511,4,9
4515,4,4
4528,4,133
4531,4,4
4539,4,58
4544,4,4
4562,4,170
4579,4,160
4582,4,49
4583,4,177
4589,4,57
4597,4,32
4603,4,4
4605,4,115
4609,4,4
4628,4,20
4639,4,135
4640,4,4
4648,4,51
4651,4,198
4656,4,66
4657,4,51
4677,4,2
4679,4,5
4688,4,20
4691,4,4
4692,4,4
4696,4,156
4705,4,191
4715,4,35
4723,4,18
4726,4,44
4730,4,4
4738,4,131
4755,4,74
4765,4,69
4767,4,4
4768,4,140
4828,4,20
4829,4,4
4830,4,146
4832,4,29
4881,4,45
4888,4,192
4890,4,17
4897,4,3
4902,4,4
4917,4,105
4918,4,4
4920,4,4
4927,4,8
4928,4,166
4940,4,6
4945,4,176
4952,4,4
4955,4,1
4966,4,4
4978,4,22
4986,4,106
4987,4,81
4989,4,3
4999,4,118
5000,4,29
3,5,35
4,5,120
5,5,91
6,5,53
7,5,179
8,5,86
9,5,120
10,5,98
11,5,135
12,5,158
13,5,11
14,5,34
15,5,192
24,5,50
28,5,75
32,5,5
39,5,67
42,5,137
45,5,97
47,5,5
49,5,46
59,5,61
63,5,164
81,5,154
85,5,115
95,5,77
96,5,60
98,5,5
100,5,24
106,5,20
109,5,54
111,5,5
116,5,2
125,5,161
148,5,196
151,5,64
160,5,100
165,5,146
167,5,77
173,5,108
184,5,101
193,5,187
195,5,32
215,5,75
226,5,179
235,5,44
236,5,5
243,5,83
244,5,170
246,5,68
256,5,105
264,5,112
268,5,85
270,5,72
279,5,5
281,5,5
295,5,168
303,5,186
306,5,17
312,5,75
313,5,44
331,5,129
349,5,5
355,5,5
366,5,55
370,5,161
383,5,173
389,5,48
403,5,79
409,5,95
424,5,5
426,5,169
430,5,67
432,5,185
438,5,153
442,5,145
445,5,73
478,5,5
481,5,143
484,5,13
487,5,194
488,5,112
501,5,13
502,5,84
507,5,96
510,5,5
513,5,197
517,5,198
521,5,89
541,5,5
546,5,162
549,5,101
554,5,3
560,5,194
569,5,168
571,5,16
577,5,143
581,5,5
582,5,5
584,5,5
588,5,5
593,5,126
600,5,8
602,5,19
605,5,156
615,5,35
636,5,5
640,5,99
649,5,31
658,5,113
659,5,5
669,5,162
671,5,158
692,5,197
697,5,65
699,5,194
721,5,18
736,5,83
737,5,30
740,5,152
749,5,85
750,5,65
758,5,78
764,5,5
767,5,74
772,5,88
785,5,5
786,5,5
792,5,31
793,5,5
803,5,79
814,5,174
819,5,124
827,5,43
844,5,12
845,5,125
854,5,200
857,5,85
858,5,184
872,5,188
893,5,52
904,5,5
912,5,57
916,5,5
942,5,198
943,5,141
953,5,5
968,5,169
980,5,184
993,5,165
1006,5,5
1010,5,53
1012,5,78
1018,5,5
1026,5,182
1045,5,90
1054,5,56
1057,5,64
1063,5,149
1065,5,79
1068,5,200
1081,5,5
1089,5,29
1091,5,60
1100,5,21
1103,5,5
1110,5,198
1111,5,33
1124,5,157
1141,5,5
1144,5,11
1145,5,56
1189,5,119
1190,5,95
1199,5,155
1216,5,75
1223,5,5
1226,5,7
1237,5,103
1258,5,5
1260,5,178
1268,5,5
1270,5,10
1271,5,59
1274,5,47
1277,5,195
1284,5,119
1286,5,1
1297,5,189
1308,5,142
1316,5,5
1319,5,5
1321,5,5
1333,5,5
1337,5,18
1338,5,189
1339,5,199
1341,5,5
1351,5,118
1361,5,71
1376,5,78
1377,5,164
1387,5,107
1390,5,179
1391,5,139
1413,5,111
1422,5,149
1428,5,5
1430,5,5
1431,5,5
1433,5,127
1435,5,41
1436,5,59
1437,5,84
1443,5,158
1449,5,117
1450,5,116
1454,5,157
1472,5,16
1485,5,120
1493,5,10
1496,5,2
1501,5,16
1513,5,162
1521,5,160
1523,5,86
1529,5,92
1535,5,125
1548,5,5
1552,5,92
1554,5,56
1555,5,71
1561,5,191
1570,5,102
1574,5,114
1580,5,130
1587,5,5
1599,5,130
1609,5,7
1613,5,5
1614,5,119
1616,5,82
1622,5,182
1625,5,5
1630,5,29
1632,5,191
1636,5,119
1646,5,156
1650,5,92
1663,5,159
1668,5,79
1674,5,88
1678,5,26
1688,5,21
1691,5,118
1707,5,5
1710,5,72
1715,5,62
1721,5,37
1730,5,137
1744,5,150
1752,5,163
1754,5,44
1763,5,61
1768,5,58
1771,5,141
1778,5,5
1789,5,183
1795,5,112
1800,5,86
1804,5,14
1807,5,5
1829,5,15
1831,5,79
1834,5,18
1838,5,181
1848,5,5
1849,5,85
1851,5,68
1853,5,6
1856,5,80
1864,5,5
1865,5,50
1876,5,45
1878,5,100
1904,5,42
1910,5,17
1921,5,141
1922,5,5
1923,5,120
1928,5,188
1934,5,13
1943,5,5
1948,5,2
1959,5,5
1960,5,5
1978,5,180
1987,5,52
1988,5,52
2004,5,101
2013,5,5
2018,5,185
2027,5,15
2034,5,73
2036,5,5
2037,5,5
2045,5,47
2062,5,5
2073,5,161
2075,5,2
2089,5,42
2099,5,195
2100,5,5
2107,5,112
2109,5,195
2110,5,183
2111,5,187
2115,5,84
2116,5,5
2117,5,111
2137,5,5
2143,5,133
2153,5,5
2183,5,128
2208,5,5
2245,5,190
2275,5,169
2281,5,5
2284,5,5
2285,5,159
2291,5,10
2300,5,85
2321,5,139
2325,5,76
2332,5,175
2347,5,5
2362,5,124
2363,5,5
2369,5,5
2385,5,158
2393,5,40
2420,5,55
2457,5,132
2464,5,6
2473,5,132
2486,5,5
2491,5,10
2494,5,5
2498,5,5
2500,5,6
2502,5,131
2513,5,187
2516,5,5
2519,5,144
2534,5,119
2535,5,147
2544,5,159
2558,5,5
2566,5,121
2586,5,5
2593,5,122
2597,5,81
2600,5,5
2607,5,73
2608,5,129
2610,5,161
2613,5,5
2626,5,15
2633,5,5
2636,5,5
2638,5,175
2639,5,194
2641,5,5
2645,5,84
2655,5,5
2656,5,86
2665,5,5
2671,5,87
2687,5,55
2689,5,5
2699,5,21
2704,5,48
2710,5,157
2714,5,104
2715,5,5
2733,5,5
2741,5,32
2757,5,101
2771,5,5
2779,5,2
2781,5,68
2783,5,54
2792,5,125
2801,5,5
2803,5,98
2808,5,140
2814,5,5
2821,5,155
2840,5,5
2845,5,173
2863,5,5
2888,5,10
2892,5,183
2895,5,5
2896,5,60
2898,5,190
2902,5,46
2906,5,85
2909,5,165
2913,5,120
2928,5,5
2937,5,189
2950,5,147
2958,5,5
2959,5,9
2964,5,195
2970,5,43
2994,5,147
2996,5,37
3008,5,192
3022,5,5
3029,5,191
3031,5,162
3042,5,182
3069,5,82
3074,5,105
3081,5,5
3082,5,193
3090,5,33
3092,5,5
3116,5,194
3118,5,192
3121,5,33
3123,5,5
3128,5,5
3137,5,5
3143,5,174
3145,5,98
3147,5,137
3156,5,5
3164,5,5
3178,5,199
3180,5,158
3197,5,162
3205,5,5
3210,5,148
3213,5,36
3219,5,190
3243,5,5
3246,5,112
3269,5,129
3274,5,5
3275,5,5
3281,5,30
3289,5,120
3290,5,48
3292,5,5
3293,5,27
3295,5,37
3302,5,147
3310,5,5
3312,5,5
3321,5,3
3333,5,5
3335,5,5
3348,5,5
3354,5,4
3363,5,156
3377,5,5
3381,5,57
3382,5,50
3393,5,178
3399,5,5
3420,5,160
3439,5,107
3443,5,5
3451,5,35
3454,5,5
3465,5,5
3474,5,91
3476,5,65
3478,5,5
3489,5,88
3493,5,104
3509,5,5
3510,5,43
3527,5,5
3532,5,5
3543,5,73
3567,5,121
3568,5,114
3581,5,5
3584,5,7
3601,5,94
3602,5,27
3607,5,83
3609,5,109
3619,5,187
3625,5,58
3626,5,5
3631,5,126
3640,5,193
3651,5,45
3665,5,72
3668,5,64
3670,5,25
3674,5,5
3683,5,5
3686,5,62
3694,5,168
3698,5,178
3700,5,137
3703,5,5
3705,5,188
3707,5,40
3718,5,5
3726,5,105
3733,5,136
3738,5,5
3754,5,38
3755,5,193
3756,5,5
3761,5,141
3768,5,20
3769,5,18
3777,5,134
3787,5,176
3794,5,120
3824,5,42
3843,5,5
3848,5,16
3854,5,99
3857,5,195
3865,5,81
3893,5,5
3901,5,188
3911,5,144
3920,5,59
3922,5,119
3932,5,5
3934,5,52
3935,5,32
3940,5,80
3944,5,120
3948,5,187
3955,5,28
3960,5,167
3967,5,144
3971,5,12
3975,5,5
3976,5,5
3978,5,5
3991,5,5
4010,5,171
4011,5,137
4012,5,162
4027,5,24
4032,5,5
4037,5,5
4044,5,5
4047,5,5
4048,5,111
4052,5,149
4055,5,172
4058,5,5
4071,5,182
4074,5,5
4078,5,101
4088,5,5
4096,5,167
4102,5,23
4103,5,47
4112,5,5
4113,5,5
4126,5,128
4136,5,161
4140,5,69
4168,5,5
4184,5,5
4186,5,5
4188,5,74
4208,5,105
4214,5,120
4216,5,97
4217,5,168
4220,5,157
4226,5,38
4232,5,154
4254,5,25
4258,5,97
4259,5,81
4262,5,196
4286,5,88
4292,5,5
4296,5,2
4315,5,33
4329,5,1
4333,5,45
4358,5,143
4360,5,5
4366,5,162
4377,5,5
4379,5,5
4385,5,50
4404,5,5
4409,5,5
4413,5,161
4415,5,94
4420,5,89
4443,5,114
4445,5,82
4450,5,163
4455,5,141
4464,5,5
4477,5,2
4488,5,72
4489,5,5
4492,5,11
4528,5,198
4531,5,5
4539,5,130
4551,5,5
4562,5,84
4578,5,5
4579,5,49
4582,5,67
4583,5,104
4589,5,197
4597,5,116
4605,5,107
4628,5,87
4629,5,5
4635,5,5
4639,5,54
4640,5,5
4645,5,5
4648,5,123
4651,5,36
4656,5,17
4657,5,40
4664,5,5
4671,5,5
4677,5,112
4679,5,39
4688,5,186
4696,5,70
4700,5,5
4705,5,150
4715,5,172
4723,5,10
4724,5,5
4726,5,23
4738,5,199
4743,5,5
4755,5,37
4765,5,187
4768,5,76
4780,5,5
4813,5,5
4828,5,186
4830,5,159
4832,5,67
4835,5,5
4881,5,71
4888,5,129
4890,5,59
4892,5,5
4917,5,32
4920,5,5
4928,5,124
4945,5,100
4966,5,5
4978,5,148
4986,5,83
4987,5,77
4999,5,74
5000,5,173
3,6,14
4,6,32
5,6,140
6,6,59
7,6,33
8,6,137
9,6,154
10,6,142
11,6,128
12,6,47
13,6,162
14,6,84
15,6,45
24,6,69
28,6,3
35,6,6
39,6,94
42,6,134
45,6,29
49,6,2
54,6,6
59,6,24
63,6,135
67,6,6
81,6,149
85,6,67
95,6,36
100,6,88
106,6,39
109,6,171
116,6,5
125,6,127
148,6,167
151,6,132
160,6,198
165,6,33
167,6,39
173,6,20
184,6,176
192,6,6
195,6,164
215,6,182
226,6,78
228,6,6
235,6,29
237,6,6
243,6,67
246,6,149
251,6,6
256,6,39
260,6,6
264,6,186
270,6,52
279,6,6
295,6,11
303,6,85
306,6,189
312,6,4
313,6,165
331,6,162
366,6,147
368,6,6
370,6,90
375,6,6
383,6,122
389,6,167
403,6,4
409,6,129
415,6,6
432,6,8
438,6,71
442,6,192
445,6,185
481,6,1
484,6,101
486,6,6
487,6,182
488,6,200
500,6,6
501,6,41
502,6,67
507,6,141
513,6,97
517,6,112
521,6,125
532,6,6
546,6,119
549,6,146
554,6,31
560,6,128
569,6,123
571,6,132
577,6,150
592,6,6
593,6,98
594,6,6
600,6,141
602,6,100
605,6,139
609,6,6
615,6,95
619,6,6
640,6,17
649,6,75
658,6,51
663,6,6
669,6,152
671,6,70
681,6,6
692,6,2
696,6,6
697,6,197
720,6,6
721,6,146
736,6,54
737,6,111
740,6,42
747,6,6
749,6,79
750,6,71
758,6,135
764,6,9
767,6,26
772,6,132
792,6,132
803,6,81
814,6,72
817,6,6
819,6,152
827,6,133
835,6,6
844,6,40
845,6,117
847,6,6
849,6,6
850,6,6
854,6,77
857,6,185
858,6,171
872,6,127
875,6,6
893,6,4
912,6,55
942,6,190
943,6,53
953,6,6
962,6,6
968,6,149
980,6,63
993,6,94
1010,6,178
1012,6,146
1026,6,166
1041,6,6
1045,6,89
1054,6,148
1057,6,77
1063,6,115
1065,6,188
1068,6,109
1089,6,141
1091,6,36
1100,6,148
1110,6,103
1111,6,49
1124,6,161
1143,6,6
1144,6,142
1169,6,6
1173,6,6
1189,6,148
1190,6,193
1199,6,140
1216,6,61
1222,6,6
1223,6,6
1226,6,118
1233,6,6
1237,6,7
1258,6,6
1260,6,43
1270,6,6
1271,6,191
1274,6,30
1277,6,14
1284,6,140
1286,6,150
1297,6,124
1303,6,6
1308,6,19
1319,6,6
1331,6,6
1332,6,6
1338,6,154
1339,6,175
1341,6,6
1351,6,45
1358,6,6
1361,6,21
1375,6,6
1376,6,62
1377,6,14
1387,6,114
1388,6,6
1390,6,123
1391,6,82
1413,6,30
1422,6,134
1433,6,91
1435,6,66
1436,6,199
1437,6,182
1443,6,21
1449,6,152
1493,6,6
1496,6,101
1501,6,48
1513,6,170
1523,6,131
1529,6,125
1530,6,6
1535,6,175
1548,6,6
1552,6,147
1554,6,124
1555,6,172
1561,6,156
1566,6,6
1570,6,73
1574,6,135
1580,6,19
1599,6,181
1609,6,39
1614,6,112
1616,6,77
1617,6,6
1622,6,52
1630,6,85
1632,6,178
1633,6,6
1636,6,28
1646,6,6
1650,6,168
1663,6,188
1668,6,71
1674,6,8
1678,6,152
1688,6,144
1698,6,6
1707,6,6
1710,6,34
1715,6,173
1721,6,7
1730,6,69
1751,6,6
1752,6,105
1754,6,4
1756,6,6
1763,6,149
1768,6,43
1771,6,116
1789,6,11
1795,6,26
1800,6,173
1803,6,6
1804,6,171
1829,6,24
1831,6,88
1834,6,83
1838,6,34
1848,6,6
1849,6,60
1851,6,64
1853,6,48
1856,6,165
1865,6,135
1876,6,70
1878,6,4
1904,6,194
1910,6,136
1921,6,6
1923,6,181
1928,6,52
1934,6,74
1948,6,21
1978,6,13
1987,6,80
1988,6,28
2004,6,74
2018,6,121
2020,6,6
2027,6,17
2034,6,151
2037,6,10
2045,6,186
2062,6,6
2073,6,187
2075,6,36
2084,6,6
2089,6,27
2099,6,189
2100,6,6
2107,6,156
2109,6,79
2110,6,97
2111,6,182
2115,6,120
2116,6,107
2117,6,3
2121,6,6
2143,6,143
2147,6,6
2164,6,6
2183,6,5
2184,6,6
2215,6,6
2245,6,137
2275,6,46
2291,6,6
2300,6,196
2321,6,156
2325,6,69
2332,6,2
2362,6,4
2385,6,86
2387,6,6
2393,6,74
2420,6,108
2457,6,127
2472,6,6
2473,6,8
2500,6,113
2502,6,10
2513,6,143
2516,6,6
2519,6,117
2523,6,6
2534,6,139
2535,6,43
2544,6,51
2572,6,6
2587,6,6
2593,6,14
2597,6,101
2607,6,128
2608,6,57
2610,6,56
2618,6,6
2626,6,57
2633,6,6
2638,6,136
2639,6,43
2640,6,6
2641,6,6
2645,6,62
2656,6,42
2661,6,6
2671,6,161
2687,6,86
2699,6,16
2703,6,6
2704,6,155
2710,6,71
2714,6,149
2730,6,6
2741,6,79
2757,6,136
2765,6,6
2779,6,132
2781,6,117
2783,6,20
2792,6,39
2803,6,191
2808,6,50
2821,6,108
2845,6,5
2861,6,6
2888,6,5
2892,6,12
2896,6,167
2898,6,110
2902,6,133
2909,6,165
2913,6,82
2937,6,64
2950,6,24
2958,6,5
2959,6,166
2964,6,145
2970,6,68
2987,6,6
2994,6,170
2996,6,79
3008,6,88
3022,6,6
3029,6,5
3031,6,37
3042,6,7
3057,6,6
3069,6,163
3074,6,39
3082,6,143
3090,6,185
3108,6,6
3116,6,16
3118,6,44
3119,6,6
3121,6,113
3143,6,151
3145,6,96
3147,6,147
3178,6,82
3180,6,30
3197,6,104
3205,6,6
3210,6,145
3213,6,90
3219,6,88
3243,6,25
3246,6,121
3269,6,112
3273,6,6
3274,6,3
3281,6,172
3289,6,113
3290,6,22
3293,6,122
3302,6,133
3310,6,8
3321,6,72
3345,6,6
3354,6,3
3363,6,165
3381,6,184
3382,6,147
3393,6,46
3420,6,32
3439,6,13
3443,6,6
3451,6,3
3452,6,6
3454,6,6
3474,6,126
3476,6,45
3489,6,180
3493,6,1
3510,6,162
3521,6,6
3536,6,6
3543,6,121
3562,6,6
3567,6,118
3568,6,104
3582,6,6
3584,6,168
3601,6,33
3602,6,60
3607,6,48
3619,6,132
3625,6,78
3631,6,167
3636,6,6
3640,6,126
3651,6,192
3663,6,6
3665,6,6
3667,6,6
3668,6,173
3670,6,154
3686,6,33
3694,6,104
3698,6,114
3700,6,18
3705,6,177
3707,6,72
3708,6,6
3726,6,96
3750,6,6
3753,6,6
3754,6,136
3755,6,119
3761,6,66
3768,6,182
3769,6,105
3777,6,101
3794,6,166
3824,6,17
3826,6,6
3848,6,178
3854,6,101
3855,6,6
3857,6,33
3865,6,130
3882,6,6
3901,6,170
3911,6,103
3920,6,89
3922,6,130
3934,6,137
3935,6,144
3940,6,103
3944,6,71
3948,6,74
3955,6,78
3958,6,6
3959,6,6
3960,6,194
3967,6,102
3971,6,145
3978,6,6
3985,6,6
4010,6,159
4011,6,4
4027,6,160
4048,6,52
4052,6,63
4071,6,172
4078,6,64
4096,6,165
4102,6,9
4103,6,22
4119,6,6
4122,6,6
4123,6,6
4126,6,3
4136,6,112
4140,6,10
4184,6,6
4188,6,25
4203,6,6
4208,6,135
4214,6,164
4216,6,58
4217,6,128
4220,6,5
4226,6,15
4232,6,91
4244,6,6
4258,6,43
4259,6,150
4262,6,166
4271,6,6
4286,6,138
4315,6,105
4329,6,174
4333,6,134
4344,6,6
4358,6,72
4366,6,93
4377,6,6
4379,6,6
4404,6,6
4413,6,31
4415,6,114
4420,6,60
4437,6,6
4443,6,61
4450,6,9
4455,6,186
4461,6,6
4488,6,8
4489,6,6
4492,6,27
4528,6,166
4531,6,10
4562,6,29
4573,6,6
4579,6,106
4582,6,103
4583,6,3
4589,6,99
4591,6,6
4597,6,4
4605,6,72
4628,6,125
4640,6,6
4648,6,140
4649,6,6
4651,6,106
4656,6,174
4657,6,127
4660,6,6
4677,6,164
4679,6,122
4688,6,97
4696,6,114
4705,6,129
4715,6,143
4723,6,59
4726,6,143
4738,6,15
4740,6,6
4755,6,144
4760,6,6
4765,6,196
4828,6,41
4830,6,107
4832,6,112
4878,6,6
4881,6,162
4885,6,6
4887,6,6
4888,6,59
4890,6,133
4905,6,6
4917,6,156
4928,6,185
4945,6,192
4952,6,6
4966,6,6
4978,6,3
4986,6,90
4987,6,84
4999,6,174
5000,6,63
3,7,116
4,7,164
5,7,149
6,7,122
8,7,44
9,7,189
10,7,196
11,7,79
12,7,123
13,7,5
14,7,36
15,7,199
24,7,41
28,7,30
42,7,61
45,7,161
49,7,161
67,7,7
69,7,7
81,7,174
85,7,174
95,7,183
97,7,7
106,7,199
109,7,175
116,7,38
125,7,15
148,7,175
151,7,48
160,7,85
165,7,12
167,7,170
173,7,140
184,7,178
189,7,7
195,7,23
212,7,7
215,7,131
226,7,172
235,7,112
243,7,195
246,7,104
256,7,28
264,7,84
270,7,31
291,7,7
295,7,88
303,7,174
305,7,7
306,7,97
312,7,73
313,7,194
331,7,181
337,7,7
356,7,7
366,7,115
370,7,163
378,7,7
383,7,108
386,7,7
389,7,111
390,7,7
392,7,7
394,7,7
403,7,7
409,7,96
424,7,7
432,7,84
438,7,48
439,7,7
442,7,32
445,7,53
481,7,6
484,7,2
487,7,198
488,7,200
501,7,66
502,7,45
505,7,7
507,7,172
513,7,44
517,7,30
521,7,172
546,7,122
549,7,148
554,7,61
560,7,5
569,7,2
571,7,104
572,7,7
576,7,7
577,7,66
582,7,7
588,7,7
593,7,37
600,7,188
605,7,163
615,7,187
619,7,7
630,7,7
640,7,47
649,7,1
658,7,14
663,7,7
671,7,65
686,7,7
691,7,7
692,7,179
697,7,106
720,7,7
721,7,169
727,7,7
736,7,180
737,7,174
740,7,183
746,7,7
747,7,7
749,7,196
750,7,127
758,7,75
764,7,7
767,7,128
772,7,73
792,7,48
803,7,130
814,7,99
819,7,111
827,7,51
844,7,187
845,7,193
854,7,44
857,7,173
858,7,56
863,7,7
872,7,4
893,7,187
908,7,7
912,7,38
925,7,7
942,7,10
943,7,97
953,7,7
968,7,200
980,7,54
982,7,7
993,7,160
996,7,7
1006,7,7
1010,7,45
1012,7,70
1045,7,184
1046,7,7
1054,7,112
1057,7,197
1063,7,161
1065,7,8
1080,7,7
1089,7,81
1091,7,157
1103,7,7
1110,7,67
1111,7,43
1124,7,15
1141,7,7
1144,7,111
1154,7,7
1176,7,7
1189,7,66
1190,7,166
1199,7,57
1216,7,126
1223,7,7
1226,7,122
1237,7,8
1244,7,7
1252,7,7
1260,7,73
1271,7,174
1274,7,182
1277,7,86
1282,7,7
1284,7,177
1286,7,30
1297,7,156
1308,7,13
1332,7,7
1338,7,197
1339,7,64
1341,7,7
1351,7,147
1361,7,175
1367,7,7
1376,7,52
1377,7,132
1387,7,115
1390,7,105
1391,7,158
1404,7,7
1422,7,60
1427,7,7
1433,7,35
1435,7,22
1436,7,35
1437,7,160
1443,7,1
1449,7,162
1493,7,3
1496,7,70
1501,7,149
1513,7,160
1523,7,62
1529,7,21
1535,7,90
1549,7,7
1552,7,102
1554,7,102
1555,7,20
1561,7,43
1570,7,106
1574,7,52
1580,7,9
1599,7,104
1609,7,114
1614,7,125
1616,7,112
1622,7,77
1625,7,7
1630,7,131
1632,7,119
1633,7,7
1636,7,12
1646,7,8
1650,7,27
1663,7,133
1668,7,9
1674,7,132
1678,7,185
1688,7,144
1701,7,7
1710,7,199
1719,7,7
1721,7,4
1726,7,7
1730,7,45
1747,7,7
1748,7,7
1752,7,89
1763,7,1
1768,7,185
1771,7,196
1789,7,176
1795,7,139
1800,7,155
1804,7,25
1814,7,7
1826,7,7
1829,7,4
1831,7,192
1834,7,112
1838,7,55
1849,7,66
1851,7,95
1856,7,87
1865,7,64
1876,7,97
1878,7,94
1901,7,7
1904,7,121
1910,7,154
1921,7,67
1923,7,25
1928,7,3
1934,7,178
1944,7,7
1959,7,7
1978,7,38
1987,7,28
1988,7,172
1994,7,7
2004,7,115
2018,7,36
2027,7,141
2030,7,7
2034,7,51
2036,7,7
2037,7,3
2045,7,137
2050,7,7
2053,7,7
2062,7,7
2073,7,15
2075,7,163
2084,7,7
2089,7,92
2099,7,78
2100,7,7
2107,7,33
2109,7,60
2110,7,177
2111,7,144
2115,7,170
2116,7,48
2153,7,7
2167,7,7
2177,7,7
2245,7,193
2275,7,97
2300,7,146
2321,7,127
2325,7,54
2363,7,7
2385,7,169
2400,7,7
2420,7,6
2453,7,7
2457,7,29
2491,7,7
2500,7,157
2502,7,144
2513,7,1
2519,7,149
2534,7,157
2535,7,70
2544,7,37
2558,7,7
2593,7,7
2597,7,160
2600,7,7
2607,7,110
2608,7,180
2609,7,7
2610,7,25
2626,7,136
2633,7,7
2638,7,183
2639,7,23
2645,7,33
2651,7,7
2656,7,32
2671,7,86
2687,7,174
2699,7,14
2704,7,154
2710,7,79
2713,7,7
2737,7,7
2741,7,176
2757,7,153
2779,7,118
2781,7,78
2783,7,28
2784,7,7
2792,7,27
2803,7,178
2808,7,129
2821,7,2
2822,7,7
2827,7,7
2845,7,8
2853,7,7
2892,7,157
2896,7,76
2898,7,82
2900,7,7
2902,7,15
2913,7,21
2923,7,7
2950,7,101
2959,7,35
2964,7,163
2970,7,59
2987,7,7
2994,7,59
2996,7,137
3001,7,7
3002,7,7
3008,7,181
3028,7,7
3029,7,91
3042,7,191
3069,7,72
3071,7,7
3073,7,7
3074,7,144
3082,7,164
3090,7,126
3092,7,7
3105,7,7
3116,7,152
3118,7,70
3121,7,113
3143,7,172
3145,7,174
3147,7,27
3148,7,7
3149,7,7
3174,7,7
3178,7,181
3180,7,193
3196,7,7
3197,7,92
3207,7,7
3213,7,168
3219,7,89
3238,7,7
3239,7,7
3243,7,21
3246,7,75
3269,7,136
3274,7,12
3275,7,7
3281,7,135
3289,7,142
3292,7,7
3293,7,139
3297,7,7
3302,7,57
3318,7,7
3321,7,117
3335,7,7
3356,7,7
3363,7,30
3381,7,172
3393,7,72
3439,7,34
3440,7,7
3443,7,7
3451,7,58
3454,7,7
3461,7,7
3474,7,7
3476,7,91
3489,7,62
3493,7,62
3498,7,7
3501,7,7
3510,7,55
3531,7,7
3532,7,7
3536,7,7
3543,7,27
3565,7,7
3567,7,187
3568,7,77
3584,7,96
3586,7,7
3602,7,53
3619,7,82
3625,7,7
3631,7,58
3640,7,172
3651,7,191
3663,7,7
3665,7,154
3668,7,2
3670,7,159
3686,7,141
3694,7,60
3698,7,189
3700,7,8
3705,7,134
3726,7,96
3728,7,7
3754,7,105
3755,7,140
3761,7,182
3768,7,200
3769,7,92
3777,7,5
3794,7,79
3824,7,80
3835,7,7
3848,7,6
3854,7,165
3857,7,15
3869,7,7
3882,7,7
3901,7,18
3911,7,66
3914,7,7
3920,7,4
3922,7,5
3932,7,7
3935,7,141
3937,7,7
3940,7,93
3944,7,128
3948,7,117
3960,7,33
3967,7,26
3971,7,150
3985,7,7
3987,7,7
3990,7,7
4010,7,179
4011,7,3
4027,7,78
4044,7,7
4048,7,74
4052,7,132
4066,7,7
4071,7,179
4080,7,7
4096,7,5
4102,7,157
4103,7,168
4119,7,7
4126,7,133
4128,7,7
4136,7,169
4140,7,6
4143,7,7
4168,7,7
4174,7,7
4184,7,23
4188,7,56
4208,7,184
4214,7,142
4216,7,138
4217,7,168
4220,7,153
4226,7,4
4232,7,86
4258,7,116
4259,7,53
4262,7,188
4286,7,156
4296,7,7
4315,7,158
4329,7,3
4333,7,31
4354,7,7
4358,7,97
4366,7,171
4367,7,7
4413,7,82
4420,7,50
4443,7,47
4450,7,3
4455,7,105
4461,7,7
4488,7,185
4515,7,7
4535,7,7
4560,7,7
4562,7,88
4576,7,7
4579,7,29
4583,7,200
4589,7,150
4597,7,159
4605,7,133
4616,7,7
4628,7,168
4639,7,50
4651,7,130
4656,7,165
4657,7,46
4660,7,7
4677,7,10
4679,7,117
4683,7,7
4688,7,200
4696,7,189
4705,7,134
4715,7,11
4723,7,87
4726,7,131
4738,7,9
4745,7,7
4755,7,2
4757,7,7
4760,7,7
4765,7,37
4768,7,81
4781,7,7
4807,7,7
4828,7,143
4830,7,2
4832,7,184
4873,7,7
4881,7,21
4888,7,169
4890,7,14
4914,7,7
4917,7,108
4918,7,7
4920,7,7
4928,7,178
4945,7,170
4953,7,7
4966,7,7
4978,7,7
4986,7,54
4987,7,50
4989,7,7
4999,7,42
5000,7,95
4,8,125
5,8,129
6,8,70
8,8,127
9,8,189
10,8,35
11,8,17
12,8,76
13,8,1
14,8,139
15,8,102
28,8,130
49,8,45
67,8,8
81,8,164
85,8,95
95,8,23
106,8,73
109,8,141
115,8,8
116,8,196
125,8,107
132,8,8
146,8,8
148,8,151
151,8,103
160,8,162
165,8,184
167,8,135
173,8,37
184,8,102
195,8,103
215,8,155
226,8,116
235,8,11
243,8,44
246,8,39
256,8,125
264,8,140
270,8,154
279,8,8
281,8,8
295,8,147
303,8,153
305,8,8
306,8,89
307,8,8
313,8,178
331,8,130
332,8,8
366,8,164
370,8,140
383,8,118
386,8,8
409,8,61
415,8,8
418,8,8
420,8,8
424,8,8
432,8,200
442,8,116
445,8,54
463,8,8
484,8,6
487,8,161
488,8,173
500,8,8
501,8,84
502,8,149
507,8,145
513,8,83
516,8,8
517,8,175
521,8,35
546,8,172
549,8,171
554,8,62
560,8,9
569,8,155
571,8,134
576,8,8
577,8,158
581,8,8
593,8,20
600,8,190
640,8,175
649,8,52
658,8,140
671,8,84
692,8,138
697,8,100
720,8,8
721,8,55
736,8,26
737,8,46
740,8,71
749,8,91
750,8,187
758,8,173
767,8,88
772,8,22
792,8,4
801,8,8
803,8,50
814,8,143
819,8,158
827,8,54
844,8,93
854,8,2
857,8,132
858,8,29
872,8,42
893,8,3
912,8,77
931,8,8
942,8,12
943,8,168
953,8,8
967,8,8
968,8,183
980,8,142
993,8,124
1010,8,166
1012,8,49
1054,8,82
1057,8,61
1063,8,182
1065,8,60
1089,8,36
1098,8,8
1103,8,8
1111,8,123
1119,8,8
1124,8,39
1144,8,112
1168,8,8
1178,8,8
1189,8,125
1190,8,155
1199,8,91
1204,8,8
1216,8,115
1226,8,83
1253,8,8
1258,8,8
1260,8,3
1264,8,8
1271,8,14
1274,8,39
1276,8,8
1280,8,8
1284,8,67
1286,8,80
1297,8,3
1303,8,8
1308,8,51
1332,8,8
1338,8,60
1351,8,150
1361,8,7
1367,8,8
1376,8,99
1387,8,58
1388,8,8
1390,8,34
1391,8,181
1399,8,8
1410,8,8
1422,8,144
1425,8,8
1431,8,8
1435,8,100
1436,8,6
1437,8,21
1443,8,140
1449,8,89
1481,8,8
1493,8,8
1501,8,18
1513,8,83
1529,8,166
1535,8,2
1548,8,8
1552,8,115
1554,8,73
1555,8,90
1561,8,145
1574,8,42
1580,8,44
1596,8,8
1599,8,127
1602,8,8
1609,8,42
1614,8,110
1616,8,43
1622,8,144
1625,8,8
1630,8,59
1632,8,103
1633,8,8
1636,8,159
1646,8,98
1650,8,94
1659,8,8
1663,8,167
1674,8,57
1678,8,52
1688,8,127
1710,8,59
1719,8,8
1752,8,63
1763,8,98
1768,8,14
1771,8,3
1785,8,8
1789,8,52
1793,8,8
1795,8,118
1800,8,17
1804,8,30
1819,8,8
1829,8,10
1831,8,175
1838,8,2
1849,8,44
1851,8,124
1856,8,1
1865,8,9
1876,8,119
1878,8,121
1901,8,8
1906,8,8
1910,8,33
1921,8,155
1923,8,87
1934,8,40
1943,8,8
1959,8,8
1978,8,90
1987,8,178
1988,8,106
1997,8,8
2004,8,60
2013,8,8
2016,8,8
2018,8,65
2027,8,25
2034,8,60
2045,8,174
2062,8,8
2073,8,80
2075,8,86
2081,8,8
2084,8,8
2089,8,175
2099,8,175
2107,8,5
2109,8,186
2110,8,110
2111,8,163
2115,8,170
2116,8,9
2189,8,8
2204,8,8
2235,8,8
2245,8,99
2275,8,174
2281,8,8
2291,8,8
2300,8,140
2361,8,8
2363,8,8
2420,8,3
2422,8,8
2456,8,8
2457,8,153
2461,8,8
2464,8,8
2491,8,8
2492,8,8
2500,8,31
2502,8,33
2513,8,48
2519,8,84
2534,8,8
2535,8,48
2542,8,8
2544,8,95
2558,8,8
2570,8,8
2593,8,138
2597,8,21
2608,8,7
2626,8,156
2638,8,165
2639,8,167
2645,8,104
2656,8,123
2671,8,74
2674,8,8
2687,8,55
2699,8,198
2704,8,88
2710,8,47
2741,8,116
2744,8,8
2748,8,8
2757,8,80
2777,8,8
2779,8,128
2781,8,173
2783,8,58
2792,8,180
2794,8,8
2800,8,8
2803,8,138
2808,8,116
2822,8,8
2835,8,8
2845,8,3
2853,8,8
2863,8,8
2892,8,175
2896,8,101
2898,8,51
2900,8,8
2902,8,27
2908,8,8
2913,8,23
2947,8,8
2950,8,193
2958,8,8
2959,8,105
2964,8,44
2965,8,8
2994,8,150
2996,8,44
3001,8,8
3008,8,131
3023,8,8
3029,8,73
3042,8,70
3056,8,8
3069,8,178
3074,8,119
3082,8,122
3090,8,51
3105,8,8
3116,8,174
3118,8,196
3119,8,8
3121,8,170
3128,8,8
3137,8,8
3143,8,95
3145,8,76
3147,8,139
3178,8,32
3180,8,152
3191,8,8
3197,8,2
3213,8,25
3219,8,10
3220,8,8
3234,8,8
3243,8,154
3246,8,5
3269,8,161
3274,8,172
3281,8,7
3289,8,151
3293,8,68
3302,8,165
3321,8,23
3363,8,67
3384,8,8
3393,8,55
3394,8,8
3439,8,78
3443,8,8
3461,8,8
3474,8,3
3476,8,102
3489,8,6
3493,8,153
3498,8,8
3543,8,111
3547,8,8
3567,8,145
3568,8,9
3584,8,191
3602,8,2
3619,8,1
3625,8,35
3631,8,7
3635,8,8
3636,8,8
3640,8,50
3651,8,8
3657,8,8
3665,8,115
3668,8,196
3670,8,108
3686,8,146
3694,8,156
3698,8,23
3700,8,20
3705,8,13
3726,8,169
3754,8,71
3755,8,187
3761,8,172
3768,8,188
3769,8,60
3777,8,8
3794,8,46
3854,8,124
3857,8,88
3901,8,2
3911,8,113
3914,8,8
3920,8,94
3922,8,9
3925,8,8
3935,8,59
3937,8,8
3940,8,117
3944,8,23
3948,8,26
3960,8,6
3967,8,149
3971,8,173
3985,8,8
3991,8,8
4010,8,7
4027,8,52
4037,8,8
4044,8,8
4047,8,8
4048,8,23
4052,8,168
4071,8,4
4083,8,8
4088,8,8
4094,8,8
4096,8,191
4102,8,68
4103,8,71
4126,8,130
4136,8,160
4140,8,2
4162,8,8
4167,8,8
4184,8,137
4188,8,50
4208,8,88
4214,8,92
4220,8,170
4226,8,8
4232,8,143
4258,8,178
4259,8,10
4262,8,5
4286,8,146
4302,8,8
4315,8,115
4329,8,135
4333,8,7
4354,8,8
4358,8,117
4366,8,25
4377,8,8
4379,8,8
4404,8,8
4413,8,105
4420,8,105
4421,8,8
4443,8,123
4455,8,160
4477,8,8
4488,8,25
4489,8,8
4515,8,8
4560,8,8
4562,8,103
4579,8,132
4583,8,140
4589,8,80
4592,8,8
4597,8,32
4602,8,8
4605,8,1
4612,8,8
4628,8,162
4639,8,151
4651,8,150
4656,8,100
4657,8,43
4660,8,8
4677,8,161
4679,8,127
4684,8,8
4688,8,72
4691,8,8
4696,8,189
4705,8,192
4715,8,122
4723,8,60
4726,8,98
4755,8,4
4765,8,128
4767,8,8
4768,8,112
4828,8,114
4830,8,107
4832,8,46
4836,8,8
4870,8,8
4881,8,70
4888,8,83
4890,8,91
4917,8,4
4918,8,8
4927,8,8
4928,8,17
4943,8,8
4945,8,96
4953,8,8
4960,8,8
4978,8,10
4986,8,79
4987,8,186
4989,8,8
4997,8,8
4999,8,99
5000,8,148
4,9,7
5,9,92
6,9,128
8,9,88
9,9,179
11,9,79
12,9,161
13,9,4
14,9,177
15,9,137
28,9,40
37,9,9
49,9,123
81,9,169
85,9,163
95,9,156
106,9,15
109,9,65
116,9,65
125,9,104
132,9,9
148,9,110
151,9,177
155,9,9
157,9,9
160,9,124
165,9,3
167,9,3
173,9,95
184,9,43
191,9,9
195,9,81
210,9,9
215,9,168
222,9,9
223,9,9
226,9,119
232,9,9
235,9,7
246,9,16
256,9,98
264,9,200
270,9,5
295,9,123
303,9,70
306,9,164
313,9,178
327,9,9
331,9,26
348,9,9
363,9,9
366,9,200
370,9,8
394,9,9
420,9,9
432,9,13
445,9,108
446,9,9
463,9,9
484,9,8
487,9,98
488,9,101
501,9,137
507,9,47
513,9,141
517,9,38
521,9,159
543,9,9
546,9,16
549,9,67
554,9,114
569,9,148
571,9,50
577,9,95
593,9,43
600,9,148
609,9,9
619,9,9
640,9,79
658,9,141
659,9,9
663,9,9
671,9,144
692,9,1
697,9,173
698,9,9
721,9,68
736,9,20
737,9,71
749,9,189
750,9,65
758,9,162
764,9,9
767,9,183
792,9,52
793,9,9
803,9,5
814,9,52
819,9,6
827,9,155
844,9,190
849,9,9
850,9,9
857,9,122
858,9,32
897,9,9
904,9,9
911,9,9
912,9,62
922,9,9
931,9,9
942,9,126
943,9,184
953,9,9
957,9,9
968,9,157
993,9,58
996,9,9
1010,9,33
1012,9,45
1054,9,17
1057,9,51
1063,9,169
1065,9,69
1089,9,22
1098,9,9
1111,9,89
1124,9,149
1132,9,9
1138,9,9
1141,9,9
1144,9,1
1168,9,9
1173,9,9
1178,9,9
1185,9,9
1189,9,190
1199,9,4
1204,9,9
1216,9,59
1226,9,114
1240,9,9
1260,9,77
1264,9,9
1267,9,9
1270,9,9
1271,9,29
1274,9,13
1286,9,43
1297,9,143
1303,9,9
1306,9,9
1308,9,64
1338,9,132
1347,9,9
1367,9,9
1387,9,57
1390,9,8
1391,9,33
1396,9,9
1399,9,9
1403,9,9
1422,9,142
1431,9,9
1435,9,64
1436,9,4
1443,9,44
1449,9,44
1459,9,9
1470,9,9
1501,9,49
1503,9,9
1513,9,162
1529,9,4
1535,9,63
1548,9,9
1552,9,50
1555,9,25
1556,9,9
1561,9,84
1580,9,175
1586,9,9
1599,9,125
1609,9,46
1616,9,190
1622,9,54
1630,9,160
1632,9,89
1633,9,9
1636,9,12
1646,9,39
1650,9,158
1659,9,9
1663,9,127
1674,9,155
1678,9,114
1688,9,58
1710,9,145
1723,9,9
1726,9,9
1752,9,36
1763,9,120
1768,9,172
1771,9,5
1789,9,3
1795,9,200
1800,9,6
1804,9,74
1814,9,9
1831,9,14
1832,9,9
1836,9,9
1848,9,9
1851,9,90
1856,9,148
1865,9,3
1876,9,173
1878,9,17
1910,9,12
1921,9,56
1923,9,122
1934,9,49
1943,9,9
1959,9,9
1978,9,62
1987,9,105
1988,9,1
1992,9,9
2004,9,94
2018,9,71
2020,9,9
2026,9,9
2032,9,9
2034,9,100
2036,9,9
2037,9,9
2045,9,94
2050,9,9
2073,9,106
2075,9,165
2089,9,50
2099,9,18
2107,9,10
2109,9,163
2110,9,174
2115,9,148
2137,9,9
2139,9,9
2164,9,9
2184,9,9
2208,9,9
2236,9,9
2245,9,200
2275,9,3
2300,9,56
2369,9,9
2397,9,9
2457,9,60
2464,9,9
2498,9,9
2500,9,56
2502,9,125
2516,9,9
2519,9,23
2534,9,3
2535,9,99
2544,9,1
2572,9,9
2587,9,9
2593,9,69
2597,9,102
2605,9,9
2608,9,47
2626,9,57
2638,9,185
2639,9,25
2644,9,9
2645,9,57
2651,9,9
2656,9,90
2671,9,193
2687,9,28
2699,9,173
2704,9,111
2710,9,195
2713,9,9
2715,9,9
2718,9,9
2741,9,4
2743,9,9
2757,9,181
2763,9,9
2765,9,9
2779,9,147
2781,9,96
2783,9,25
2792,9,63
2803,9,28
2808,9,63
2853,9,9
2854,9,9
2880,9,9
2888,9,9
2892,9,97
2896,9,7
2898,9,40
2902,9,107
2950,9,88
2953,9,9
2958,9,9
2959,9,15
2964,9,193
2991,9,9
2994,9,100
2996,9,78
3008,9,94
3009,9,9
3026,9,9
3029,9,61
3042,9,136
3054,9,9
3071,9,9
3074,9,26
3082,9,178
3085,9,9
3092,9,9
3108,9,9
3116,9,98
3118,9,126
3119,9,9
3121,9,57
3123,9,9
3128,9,9
3137,9,9
3143,9,5
3144,9,9
3145,9,178
3178,9,151
3180,9,82
3184,9,9
3191,9,9
3197,9,7
3213,9,127
3219,9,100
3220,9,9
3243,9,158
3250,9,9
3269,9,171
3274,9,163
3289,9,4
3293,9,113
3302,9,86
3321,9,194
3363,9,47
3372,9,9
3393,9,177
3394,9,9
3439,9,75
3461,9,9
3465,9,9
3474,9,8
3476,9,165
3489,9,2
3493,9,72
3498,9,9
3536,9,9
3543,9,23
3568,9,195
3584,9,135
3602,9,145
3619,9,135
3625,9,17
3631,9,106
3636,9,9
3640,9,151
3650,9,9
3651,9,1
3665,9,187
3668,9,94
3670,9,47
3686,9,103
3694,9,75
3698,9,14
3705,9,155
3726,9,131
3738,9,9
3750,9,9
3754,9,180
3755,9,85
3756,9,9
3761,9,100
3768,9,142
3769,9,3
3824,9,55
3840,9,9
3854,9,39
3857,9,93
3901,9,116
3911,9,79
3914,9,9
3920,9,2
3922,9,22
3935,9,12
3944,9,124
3948,9,49
3960,9,186
3967,9,138
3971,9,129
3977,9,9
3991,9,9
4027,9,7
4032,9,9
4047,9,9
4048,9,182
4052,9,25
4071,9,2
4087,9,9
4088,9,9
4096,9,4
4102,9,49
4103,9,95
4119,9,9
4126,9,70
4136,9,51
4140,9,8
4167,9,9
4168,9,9
4184,9,180
4186,9,9
4188,9,53
4208,9,28
4216,9,15
4220,9,113
4222,9,9
4232,9,158
4258,9,6
4259,9,9
4271,9,9
4286,9,78
4295,9,9
4296,9,9
4300,9,9
4315,9,79
4329,9,55
4333,9,144
4350,9,9
4358,9,25
4366,9,154
4404,9,9
4413,9,17
4420,9,184
4443,9,177
4455,9,126
4484,9,9
4488,9,30
4531,9,9
4544,9,9
4560,9,9
4562,9,79
4577,9,9
4579,9,147
4588,9,9
4589,9,176
4597,9,89
4605,9,12
4628,9,134
4639,9,88
4640,9,9
4651,9,21
4656,9,88
4657,9,153
4688,9,180
4696,9,112
4698,9,9
4705,9,107
4715,9,65
4723,9,53
4749,9,9
4755,9,61
4765,9,156
4766,9,9
4768,9,159
4776,9,9
4828,9,163
4881,9,199
4886,9,9
4888,9,146
4890,9,60
4917,9,136
4918,9,9
4924,9,9
4928,9,199
4945,9,27
4953,9,9
4966,9,9
4986,9,198
4987,9,182
4994,9,9
4999,9,150
5000,9,61
4,10,160
5,10,76
8,10,81
9,10,43
11,10,122
12,10,161
14,10,152
15,10,87
25,10,10
28,10,134
32,10,10
43,10,10
49,10,146
54,10,10
67,10,10
81,10,24
85,10,162
87,10,10
95,10,63
106,10,10
109,10,106
116,10,178
125,10,56
148,10,75
151,10,140
160,10,78
165,10,49
167,10,160
172,10,10
173,10,174
184,10,138
195,10,188
215,10,104
226,10,52
235,10,59
241,10,10
246,10,156
247,10,10
264,10,144
270,10,164
281,10,10
290,10,10
303,10,186
306,10,86
313,10,87
331,10,54
354,10,10
366,10,133
370,10,49
386,10,10
418,10,10
433,10,10
434,10,10
487,10,170
488,10,106
489,10,10
500,10,10
501,10,100
507,10,73
513,10,165
517,10,127
521,10,45
530,10,10
546,10,137
549,10,143
554,10,61
562,10,10
569,10,172
581,10,10
588,10,10
593,10,7
594,10,10
600,10,115
619,10,10
640,10,44
658,10,45
671,10,115
686,10,10
692,10,137
694,10,10
697,10,68
720,10,10
721,10,128
722,10,10
736,10,43
749,10,8
750,10,46
758,10,51
767,10,101
779,10,10
785,10,10
792,10,132
793,10,10
803,10,2
814,10,88
827,10,199
844,10,131
857,10,85
858,10,23
863,10,10
884,10,10
912,10,6
916,10,10
925,10,10
927,10,10
929,10,10
942,10,63
943,10,32
967,10,10
968,10,161
993,10,85
1010,10,50
1012,10,67
1054,10,157
1057,10,112
1063,10,93
1065,10,18
1085,10,10
1089,10,130
1103,10,10
1108,10,10
1111,10,76
1124,10,156
1143,10,10
1144,10,9
1162,10,10
1189,10,148
1199,10,16
1215,10,10
1216,10,146
1226,10,158
1260,10,44
1271,10,177
1274,10,76
1286,10,183
1297,10,133
1308,10,7
1319,10,10
1320,10,10
1338,10,192
1367,10,10
1373,10,10
1387,10,123
1390,10,6
1391,10,62
1403,10,10
1431,10,10
1435,10,154
1436,10,119
1443,10,16
1501,10,91
1512,10,10
1513,10,72
1529,10,9
1535,10,94
1552,10,181
1555,10,168
1560,10,10
1561,10,187
1580,10,168
1599,10,40
1609,10,102
1616,10,47
1622,10,181
1625,10,10
1630,10,1
1632,10,128
1646,10,121
1650,10,79
1663,10,89
1678,10,156
1688,10,149
1689,10,10
1723,10,10
1752,10,31
1768,10,135
1769,10,10
1770,10,10
1771,10,10
1789,10,142
1795,10,191
1800,10,147
1804,10,8
1831,10,35
1838,10,159
1851,10,80
1854,10,10
1856,10,134
1858,10,10
1876,10,49
1878,10,25
1910,10,117
1923,10,50
1934,10,158
1944,10,10
1959,10,10
1965,10,10
1978,10,80
1988,10,157
1994,10,10
2004,10,60
2018,10,160
2034,10,53
2045,10,1
2050,10,10
2073,10,159
2075,10,128
2089,10,171
2099,10,49
2109,10,185
2110,10,88
2115,10,162
2133,10,10
2138,10,10
2153,10,10
2245,10,5
2281,10,10
2291,10,10
2300,10,108
2309,10,10
2336,10,10
2396,10,10
2433,10,10
2457,10,67
2458,10,10
2464,10,10
2466,10,10
2498,10,10
2500,10,9
2502,10,81
2519,10,127
2535,10,157
2544,10,7
2550,10,10
2593,10,177
2597,10,191
2600,10,10
2608,10,197
2626,10,107
2638,10,192
2639,10,100
2641,10,10
2656,10,51
2671,10,103
2673,10,10
2687,10,1
2699,10,175
2704,10,197
2710,10,13
2715,10,10
2741,10,5
2757,10,153
2774,10,10
2779,10,171
2781,10,98
2783,10,24
2803,10,87
2808,10,37
2863,10,10
2890,10,10
2898,10,129
2902,10,129
2950,10,134
2959,10,71
2964,10,21
2987,10,10
2994,10,171
2996,10,142
3001,10,10
3003,10,10
3008,10,33
3023,10,10
3029,10,45
3042,10,160
3061,10,10
3071,10,10
3074,10,48
3079,10,10
3082,10,90
3091,10,10
3092,10,10
3105,10,10
3116,10,172
3118,10,60
3119,10,10
3121,10,180
3137,10,10
3145,10,75
3149,10,10
3164,10,10
3178,10,115
3180,10,10
3197,10,3
3219,10,86
3234,10,10
3243,10,64
3269,10,133
3274,10,41
3275,10,10
3289,10,2
3292,10,10
3293,10,187
3303,10,10
3304,10,10
3321,10,102
3333,10,10
3363,10,21
3393,10,187
3443,10,10
3474,10,16
3476,10,88
3493,10,172
3501,10,10
3531,10,10
3532,10,10
3536,10,10
3543,10,119
3565,10,10
3568,10,108
3584,10,150
3602,10,170
3619,10,60
3625,10,52
3631,10,84
3636,10,10
3640,10,188
3651,10,9
3654,10,10
3668,10,158
3670,10,8
3686,10,85
3694,10,28
3698,10,187
3705,10,120
3726,10,16
3730,10,10
3754,10,195
3755,10,169
3761,10,72
3762,10,10
3768,10,171
3769,10,1
3804,10,10
3806,10,10
3824,10,194
3832,10,10
3854,10,62
3857,10,13
3890,10,10
3901,10,5
3911,10,189
3922,10,69
3935,10,112
3937,10,10
3944,10,56
3948,10,136
3960,10,20
3967,10,125
3987,10,10
4027,10,6
4031,10,10
4038,10,10
4052,10,89
4071,10,60
4088,10,10
4096,10,69
4102,10,96
4103,10,85
4119,10,10
4126,10,102
4136,10,8
4143,10,10
4146,10,10
4167,10,10
4184,10,22
4188,10,54
4194,10,10
4200,10,10
4208,10,58
4216,10,1
4220,10,18
4232,10,64
4258,10,183
4259,10,4
4286,10,121
4296,10,10
4300,10,10
4315,10,64
4329,10,167
4333,10,98
4345,10,10
4354,10,10
4358,10,10
4366,10,71
4377,10,10
4387,10,10
4413,10,60
4420,10,31
4443,10,159
4455,10,155
4461,10,10
4477,10,10
4488,10,80
4558,10,10
4560,10,10
4579,10,60
4589,10,55
4596,10,10
4597,10,105
4599,10,10
4605,10,97
4609,10,10
4612,10,10
4628,10,40
4639,10,25
4657,10,59
4660,10,10
4688,10,60
4691,10,10
4692,10,10
4696,10,59
4705,10,54
4715,10,35
4755,10,8
4765,10,175
4768,10,163
4778,10,10
4809,10,10
4811,10,10
4828,10,93
4836,10,10
4856,10,10
4869,10,10
4881,10,53
4888,10,143
4890,10,8
4917,10,109
4928,10,115
4931,10,10
4945,10,144
4986,10,150
4987,10,164
5000,10,45
