uid,product_id,clicks
3,1,9
4,1,15
5,1,4
6,1,13
7,1,11
8,1,1
9,1,10
10,1,2
11,1,4
12,1,6
13,1,7
14,1,5
15,1,6
24,1,2
28,1,7
32,1,1
42,1,3
45,1,5
47,1,10
49,1,4
54,1,1
59,1,15
63,1,13
67,1,8
69,1,2
75,1,1
81,1,11
85,1,14
95,1,7
96,1,12
100,1,5
109,1,6
115,1,4
116,1,12
125,1,3
132,1,1
142,1,1
148,1,8
151,1,7
157,1,8
160,1,12
165,1,15
167,1,2
170,1,1
173,1,5
178,1,1
183,1,1
184,1,8
190,1,5
192,1,9
193,1,10
195,1,10
199,1,8
212,1,1
222,1,8
226,1,7
235,1,4
243,1,7
244,1,8
246,1,9
256,1,8
264,1,10
270,1,16
279,1,1
281,1,1
291,1,7
295,1,3
303,1,10
305,1,1
306,1,13
309,1,3
312,1,4
313,1,4
331,1,6
337,1,6
348,1,1
366,1,13
368,1,1
370,1,6
375,1,3
382,1,1
383,1,14
386,1,1
389,1,1
394,1,1
403,1,2
409,1,1
415,1,1
418,1,1
424,1,8
426,1,11
430,1,12
432,1,15
438,1,8
439,1,7
442,1,1
445,1,12
457,1,1
463,1,1
481,1,2
484,1,2
487,1,5
488,1,1
501,1,4
502,1,14
507,1,10
509,1,1
510,1,9
513,1,4
516,1,4
517,1,14
521,1,3
530,1,9
532,1,6
537,1,1
543,1,5
546,1,4
549,1,11
553,1,1
554,1,2
560,1,1
569,1,2
571,1,5
572,1,8
576,1,1
577,1,15
582,1,8
593,1,6
594,1,1
599,1,1
600,1,8
602,1,10
605,1,8
636,1,6
640,1,9
644,1,10
649,1,3
658,1,8
669,1,9
671,1,3
686,1,1
691,1,9
692,1,6
697,1,6
699,1,15
721,1,7
722,1,9
727,1,9
736,1,3
737,1,10
740,1,6
746,1,10
749,1,12
750,1,2
758,1,12
764,1,8
767,1,13
772,1,2
779,1,8
785,1,1
792,1,3
803,1,3
814,1,9
819,1,8
827,1,11
832,1,1
834,1,2
844,1,1
845,1,12
847,1,3
854,1,1
857,1,16
858,1,3
863,1,1
865,1,1
872,1,10
875,1,1
893,1,11
912,1,8
916,1,1
924,1,4
925,1,5
929,1,4
931,1,1
932,1,5
934,1,1
942,1,9
943,1,8
953,1,8
957,1,5
962,1,2
968,1,14
980,1,6
982,1,1
983,1,1
993,1,10
996,1,1
998,1,7
1006,1,4
1010,1,7
1012,1,14
1018,1,8
1026,1,7
1027,1,3
1045,1,2
1054,1,2
1057,1,6
1063,1,1
1065,1,11
1068,1,2
1091,1,10
1098,1,9
1100,1,9
1110,1,9
1111,1,5
1124,1,2
1132,1,6
1141,1,7
1143,1,1
1144,1,8
1145,1,12
1154,1,8
1169,1,5
1173,1,6
1176,1,5
1178,1,3
1182,1,4
1189,1,6
1190,1,10
1199,1,9
1203,1,1
1204,1,6
1215,1,7
1222,1,9
1226,1,5
1233,1,5
1237,1,2
1252,1,8
1258,1,5
1260,1,13
1264,1,1
1267,1,8
1270,1,2
1271,1,6
1274,1,12
1277,1,15
1284,1,1
1286,1,8
1297,1,15
1303,1,1
1308,1,5
1337,1,4
1338,1,15
1339,1,9
1351,1,14
1358,1,8
1361,1,3
1370,1,1
1375,1,5
1376,1,5
1377,1,14
1390,1,2
1391,1,1
1393,1,10
1395,1,10
1404,1,9
1410,1,6
1413,1,9
1422,1,14
1427,1,7
1431,1,9
1433,1,8
1435,1,12
1436,1,6
1437,1,8
1443,1,13
1449,1,14
1472,1,14
1485,1,13
1489,1,1
1493,1,1
1496,1,5
1501,1,14
1513,1,14
1521,1,12
1523,1,1
1529,1,15
1530,1,3
1535,1,4
1538,1,1
1552,1,12
1554,1,11
1555,1,6
1556,1,4
1561,1,7
1570,1,5
1574,1,10
1580,1,6
1586,1,3
1587,1,5
1596,1,3
1599,1,15
1609,1,8
1613,1,10
1614,1,10
1616,1,7
1619,1,1
1622,1,11
1625,1,1
1630,1,8
1632,1,12
1633,1,1
1636,1,3
1640,1,1
1650,1,6
1660,1,1
1663,1,1
1668,1,15
1674,1,1
1678,1,1
1688,1,8
1691,1,1
1692,1,1
1698,1,5
1710,1,4
1715,1,15
1721,1,9
1726,1,1
1730,1,4
1736,1,4
1744,1,14
1747,1,4
1748,1,7
1751,1,1
1752,1,4
1754,1,7
1763,1,1
1768,1,9
1771,1,13
1783,1,1
1789,1,9
1795,1,7
1804,1,1
1807,1,4
1822,1,5
1826,1,2
1829,1,8
1831,1,5
1834,1,9
1837,1,1
1838,1,3
1840,1,2
1842,1,1
1849,1,9
1851,1,10
1853,1,15
1854,1,3
1856,1,2
1864,1,1
1865,1,4
1876,1,5
1878,1,3
1900,1,6
1904,1,1
1906,1,1
1910,1,4
1912,1,1
1921,1,1
1922,1,6
1923,1,11
1928,1,15
1934,1,8
1943,1,1
1944,1,1
1948,1,9
1959,1,2
1960,1,3
1978,1,5
1987,1,6
1988,1,8
1994,1,1
1997,1,1
2004,1,11
2018,1,11
2027,1,14
2034,1,4
2037,1,1
2045,1,10
2050,1,1
2053,1,1
2062,1,3
2068,1,6
2073,1,12
2075,1,3
2089,1,1
2099,1,7
2107,1,4
2109,1,1
2110,1,6
2111,1,13
2115,1,6
2116,1,14
2117,1,5
2133,1,6
2143,1,7
2153,1,1
2171,1,4
2183,1,12
2184,1,1
2208,1,1
2235,1,10
2245,1,1
2275,1,8
2281,1,1
2285,1,5
2288,1,8
2291,1,1
2300,1,1
2321,1,1
2325,1,3
2332,1,2
2333,1,8
2336,1,1
2347,1,6
2362,1,6
2363,1,1
2385,1,9
2393,1,8
2397,1,1
2420,1,14
2433,1,4
2438,1,1
2457,1,14
2459,1,6
2460,1,5
2461,1,2
2464,1,10
2473,1,5
2491,1,1
2494,1,2
2500,1,7
2502,1,6
2504,1,7
2512,1,1
2513,1,12
2516,1,5
2519,1,7
2534,1,14
2535,1,14
2542,1,1
2544,1,4
2558,1,1
2566,1,5
2572,1,1
2586,1,4
2587,1,1
2588,1,1
2593,1,14
2597,1,7
2605,1,8
2607,1,4
2608,1,2
2610,1,4
2626,1,8
2633,1,1
2636,1,5
2638,1,15
2639,1,3
2640,1,10
2641,1,10
2645,1,2
2648,1,5
2651,1,1
2656,1,8
2662,1,1
2671,1,10
2686,1,4
2687,1,2
2689,1,2
2699,1,7
2703,1,1
2704,1,14
2713,1,3
2714,1,1
2718,1,1
2733,1,10
2741,1,5
2744,1,2
2757,1,13
2771,1,2
2779,1,14
2781,1,2
2783,1,7
2792,1,6
2801,1,3
2803,1,9
2821,1,15
2845,1,2
2853,1,8
2854,1,3
2861,1,8
2863,1,1
2880,1,5
2883,1,6
2888,1,1
2892,1,10
2896,1,10
2897,1,1
2898,1,10
2902,1,10
2906,1,10
2909,1,1
2913,1,15
2933,1,1
2937,1,15
2946,1,5
2947,1,4
2950,1,2
2953,1,2
2958,1,1
2959,1,6
2964,1,11
2970,1,10
2974,1,1
2977,1,1
2978,1,5
2994,1,14
2996,1,9
3001,1,10
3009,1,1
3017,1,9
3022,1,1
3023,1,8
3029,1,13
3031,1,13
3042,1,1
3055,1,4
3069,1,11
3074,1,2
3079,1,2
3082,1,7
3085,1,9
3090,1,6
3092,1,1
3108,1,8
3116,1,3
3118,1,4
3121,1,12
3128,1,1
3143,1,11
3145,1,7
3147,1,9
3148,1,3
3164,1,10
3169,1,1
3174,1,1
3178,1,2
3180,1,5
3197,1,13
3205,1,6
3210,1,6
3213,1,2
3219,1,9
3222,1,7
3227,1,2
3234,1,1
3243,1,2
3246,1,12
3250,1,5
3269,1,7
3273,1,5
3274,1,8
3275,1,1
3281,1,8
3289,1,15
3290,1,11
3292,1,8
3293,1,11
3295,1,2
3297,1,6
3302,1,5
3303,1,5
3310,1,1
3312,1,2
3321,1,10
3330,1,1
3333,1,1
3335,1,1
3354,1,1
3363,1,4
3381,1,2
3382,1,7
3384,1,9
3385,1,8
3393,1,10
3399,1,4
3420,1,8
3439,1,14
3443,1,7
3451,1,7
3474,1,4
3476,1,6
3478,1,4
3489,1,10
3493,1,1
3498,1,2
3501,1,2
3505,1,6
3510,1,12
3523,1,5
3529,1,1
3532,1,10
3537,1,7
3543,1,9
3547,1,4
3551,1,7
3567,1,6
3568,1,12
3581,1,5
3584,1,2
3601,1,15
3602,1,8
3607,1,2
3625,1,2
3628,1,4
3631,1,15
3636,1,9
3640,1,9
3651,1,13
3657,1,3
3665,1,10
3668,1,12
3670,1,10
3686,1,9
3694,1,1
3698,1,12
3700,1,13
3703,1,1
3705,1,6
3707,1,14
3718,1,4
3724,1,6
3726,1,10
3733,1,2
3752,1,1
3754,1,3
3755,1,4
3756,1,1
3758,1,1
3761,1,9
3762,1,1
3768,1,1
3769,1,1
3777,1,8
3787,1,14
3794,1,14
3803,1,3
3806,1,1
3824,1,7
3835,1,2
3843,1,3
3848,1,9
3854,1,12
3857,1,15
3864,1,8
3865,1,11
3869,1,8
3880,1,1
3882,1,1
3892,1,6
3896,1,10
3901,1,2
3911,1,8
3914,1,8
3920,1,8
3922,1,9
3932,1,1
3934,1,15
3935,1,3
3939,1,1
3940,1,6
3944,1,3
3955,1,2
3959,1,6
3960,1,11
3965,1,10
3967,1,10
3971,1,9
3972,1,1
3978,1,1
3985,1,7
3990,1,7
4004,1,1
4010,1,3
4011,1,10
4012,1,8
4027,1,4
4031,1,6
4032,1,1
4037,1,3
4047,1,1
4048,1,12
4052,1,1
4055,1,10
4057,1,1
4071,1,15
4078,1,10
4088,1,1
4096,1,11
4102,1,15
4103,1,13
4109,1,3
4111,1,10
4116,1,6
4122,1,1
4126,1,14
4128,1,1
4136,1,4
4140,1,12
4143,1,1
4146,1,8
4167,1,6
4174,1,5
4180,1,1
4184,1,12
4185,1,1
4188,1,8
4208,1,5
4214,1,8
4216,1,4
4217,1,15
4220,1,8
4222,1,10
4226,1,5
4232,1,8
4252,1,1
4254,1,12
4258,1,14
4259,1,14
4262,1,8
4286,1,6
4292,1,5
4295,1,10
4296,1,8
4300,1,10
4315,1,13
4318,1,1
4321,1,1
4329,1,5
4333,1,5
4344,1,1
4353,1,3
4358,1,12
4366,1,15
4377,1,6
4404,1,1
4409,1,9
4411,1,1
4413,1,9
4415,1,3
4420,1,12
4433,1,1
4437,1,9
4443,1,11
4445,1,4
4450,1,13
4455,1,6
4464,1,9
4471,1,1
4477,1,1
4488,1,8
4489,1,1
4492,1,9
4504,1,1
4511,1,7
4518,1,1
4527,1,1
4528,1,1
4531,1,1
4539,1,12
4562,1,5
4564,1,1
4579,1,8
4582,1,3
4583,1,7
4589,1,14
4591,1,8
4597,1,9
4603,1,2
4605,1,11
4628,1,10
4639,1,7
4640,1,1
4648,1,8
4656,1,12
4657,1,14
4661,1,1
4671,1,1
4677,1,13
4679,1,4
4688,1,10
4691,1,1
4696,1,4
4705,1,2
4710,1,1
4715,1,1
4723,1,10
4726,1,10
4732,1,1
4738,1,6
4740,1,1
4743,1,6
4745,1,1
4755,1,7
4760,1,1
4765,1,14
4767,1,4
4768,1,14
4778,1,9
4780,1,2
4808,1,9
4811,1,7
4828,1,13
4829,1,6
4830,1,5
4832,1,2
4833,1,1
4835,1,2
4836,1,1
4881,1,3
4885,1,10
4888,1,4
4890,1,9
4892,1,10
4897,1,1
4905,1,5
4914,1,3
4917,1,10
4927,1,2
4928,1,1
4940,1,10
4945,1,14
4952,1,10
4955,1,1
4960,1,4
4966,1,2
4978,1,15
4986,1,1
4987,1,9
4989,1,1
4999,1,5
5000,1,2
3,2,6
4,2,11
5,2,7
6,2,8
7,2,3
8,2,13
9,2,11
10,2,4
11,2,2
12,2,7
13,2,6
15,2,13
24,2,14
28,2,14
39,2,7
42,2,12
45,2,12
47,2,8
49,2,5
55,2,2
59,2,4
63,2,4
67,2,2
75,2,2
81,2,10
85,2,11
95,2,2
96,2,3
100,2,13
106,2,1
109,2,2
115,2,2
116,2,4
129,2,2
132,2,2
142,2,9
148,2,9
151,2,3
157,2,4
160,2,14
165,2,6
167,2,9
170,2,9
173,2,12
184,2,9
190,2,7
193,2,15
195,2,11
199,2,7
208,2,2
215,2,4
222,2,1
226,2,4
235,2,11
243,2,11
244,2,9
246,2,10
256,2,1
263,2,2
264,2,14
268,2,1
270,2,11
281,2,2
291,2,8
295,2,8
303,2,8
306,2,1
309,2,4
312,2,6
313,2,15
331,2,11
345,2,2
348,2,6
366,2,7
368,2,7
370,2,15
375,2,8
382,2,8
383,2,15
390,2,2
403,2,13
409,2,6
415,2,2
418,2,2
426,2,1
430,2,7
432,2,8
438,2,5
439,2,2
445,2,2
481,2,9
484,2,11
487,2,7
488,2,12
500,2,2
501,2,12
502,2,10
507,2,12
510,2,2
513,2,12
516,2,3
517,2,14
521,2,9
523,2,2
530,2,7
532,2,8
546,2,11
549,2,15
554,2,8
560,2,3
569,2,1
571,2,5
577,2,8
582,2,9
593,2,3
594,2,2
599,2,2
600,2,7
602,2,4
609,2,2
615,2,3
626,2,2
636,2,5
640,2,5
644,2,2
648,2,2
649,2,9
658,2,2
671,2,4
686,2,5
691,2,5
692,2,7
697,2,1
699,2,2
720,2,2
721,2,5
722,2,8
726,2,2
727,2,2
736,2,14
737,2,6
740,2,2
747,2,2
749,2,8
750,2,9
758,2,9
764,2,10
767,2,4
789,2,2
792,2,4
793,2,2
803,2,1
814,2,4
819,2,8
827,2,14
844,2,10
845,2,6
847,2,9
849,2,2
850,2,2
854,2,3
857,2,7
858,2,6
863,2,9
870,2,2
875,2,3
893,2,12
904,2,2
912,2,9
920,2,2
925,2,6
932,2,7
942,2,6
943,2,8
957,2,10
962,2,10
966,2,2
968,2,10
980,2,5
982,2,3
993,2,1
996,2,2
998,2,9
1006,2,2
1010,2,1
1012,2,7
1018,2,5
1026,2,14
1027,2,2
1041,2,2
1045,2,5
1054,2,13
1057,2,5
1063,2,11
1068,2,4
1089,2,13
1091,2,1
1098,2,2
1100,2,8
1111,2,1
1124,2,2
1141,2,2
1144,2,15
1154,2,1
1169,2,9
1173,2,2
1176,2,1
1178,2,7
1182,2,2
1185,2,2
1189,2,8
1190,2,5
1199,2,10
1204,2,2
1208,2,2
1215,2,2
1216,2,12
1222,2,4
1223,2,2
1226,2,1
1233,2,2
1237,2,14
1252,2,2
1256,2,2
1267,2,4
1270,2,2
1271,2,4
1274,2,4
1277,2,11
1280,2,2
1286,2,3
1297,2,9
1308,2,15
1321,2,2
1332,2,2
1337,2,10
1338,2,14
1339,2,10
1348,2,2
1351,2,11
1358,2,6
1361,2,1
1367,2,2
1370,2,7
1375,2,2
1376,2,2
1377,2,14
1387,2,4
1390,2,1
1391,2,10
1393,2,6
1395,2,4
1399,2,2
1404,2,2
1410,2,2
1413,2,14
1422,2,3
1430,2,2
1431,2,4
1433,2,5
1435,2,15
1436,2,11
1437,2,15
1443,2,11
1449,2,11
1450,2,4
1454,2,11
1472,2,4
1485,2,4
1493,2,1
1496,2,14
1501,2,10
1512,2,2
1513,2,12
1521,2,9
1529,2,2
1535,2,9
1552,2,6
1554,2,4
1555,2,5
1556,2,1
1561,2,3
1570,2,5
1574,2,14
1580,2,2
1587,2,4
1596,2,9
1599,2,4
1609,2,13
1614,2,4
1616,2,10
1619,2,6
1622,2,1
1630,2,4
1632,2,12
1636,2,3
1640,2,2
1646,2,5
1647,2,2
1650,2,9
1663,2,10
1668,2,1
1674,2,13
1678,2,9
1688,2,5
1691,2,8
1708,2,2
1710,2,13
1715,2,5
1721,2,4
1730,2,7
1744,2,13
1747,2,10
1748,2,4
1752,2,4
1754,2,4
1763,2,13
1768,2,8
1771,2,1
1789,2,12
1795,2,1
1800,2,14
1804,2,14
1807,2,8
1814,2,2
1826,2,10
1829,2,11
1831,2,6
1834,2,9
1838,2,1
1849,2,6
1851,2,6
1853,2,11
1854,2,9
1856,2,13
1865,2,10
1876,2,1
1878,2,12
1879,2,2
1900,2,9
1904,2,8
1906,2,9
1910,2,14
1921,2,14
1922,2,3
1923,2,12
1928,2,11
1934,2,4
1935,2,2
1944,2,10
1948,2,4
1959,2,9
1960,2,6
1962,2,2
1978,2,6
1987,2,5
1988,2,11
1989,2,2
1994,2,3
2004,2,13
2013,2,2
2018,2,11
2020,2,2
2036,2,2
2037,2,2
2045,2,8
2053,2,3
2062,2,6
2068,2,10
2073,2,4
2075,2,4
2089,2,1
2099,2,11
2100,2,2
2107,2,2
2109,2,10
2110,2,5
2111,2,11
2115,2,14
2116,2,8
2117,2,2
2125,2,2
2133,2,5
2135,2,2
2143,2,5
2153,2,2
2164,2,2
2171,2,10
2183,2,3
2208,2,2
2227,2,2
2230,2,2
2235,2,5
2245,2,2
2275,2,4
2285,2,4
2288,2,3
2291,2,4
2297,2,2
2300,2,6
2325,2,15
2332,2,3
2333,2,6
2362,2,2
2363,2,2
2393,2,1
2397,2,2
2420,2,15
2433,2,3
2438,2,2
2448,2,2
2457,2,1
2460,2,10
2461,2,6
2464,2,2
2473,2,13
2491,2,2
2494,2,6
2500,2,14
2502,2,15
2513,2,11
2519,2,15
2534,2,9
2535,2,10
2544,2,11
2558,2,2
2560,2,2
2566,2,6
2587,2,2
2593,2,12
2597,2,3
2600,2,2
2605,2,5
2607,2,10
2608,2,14
2610,2,15
2626,2,5
2636,2,6
2638,2,10
2639,2,10
2641,2,3
2645,2,1
2648,2,8
2651,2,2
2655,2,2
2656,2,11
2686,2,10
2687,2,3
2689,2,8
2699,2,13
2703,2,2
2704,2,6
2710,2,4
2713,2,9
2714,2,6
2718,2,2
2733,2,7
2741,2,10
2744,2,5
2757,2,9
2771,2,9
2779,2,7
2781,2,8
2783,2,5
2792,2,13
2801,2,9
2803,2,15
2808,2,5
2821,2,11
2845,2,1
2853,2,2
2854,2,7
2861,2,1
2878,2,2
2880,2,6
2883,2,2
2888,2,2
2892,2,13
2896,2,11
2898,2,12
2902,2,11
2906,2,2
2909,2,8
2913,2,13
2928,2,2
2937,2,13
2938,2,2
2947,2,8
2950,2,6
2951,2,2
2953,2,9
2958,2,3
2959,2,10
2961,2,2
2964,2,12
2970,2,6
2978,2,3
2987,2,2
2994,2,2
2996,2,8
3001,2,2
3008,2,14
3017,2,3
3029,2,9
3031,2,5
3042,2,13
3049,2,2
3055,2,2
3069,2,6
3071,2,2
3074,2,4
3082,2,15
3085,2,1
3090,2,13
3108,2,5
3118,2,12
3121,2,1
3123,2,2
3137,2,2
3143,2,12
3145,2,8
3147,2,2
3148,2,4
3164,2,2
3169,2,2
3174,2,2
3178,2,7
3180,2,4
3197,2,11
3205,2,9
3210,2,10
3213,2,13
3219,2,5
3227,2,2
3243,2,5
3246,2,6
3250,2,2
3269,2,7
3273,2,7
3274,2,11
3275,2,4
3281,2,13
3289,2,5
3290,2,6
3293,2,6
3295,2,2
3297,2,2
3302,2,12
3303,2,8
3310,2,2
3321,2,14
3335,2,2
3336,2,2
3354,2,2
3363,2,13
3369,2,2
3381,2,2
3382,2,10
3385,2,2
3393,2,6
3394,2,2
3409,2,2
3418,2,2
3439,2,2
3443,2,3
3451,2,9
3454,2,2
3474,2,1
3476,2,2
3478,2,9
3489,2,6
3493,2,12
3501,2,6
3505,2,2
3532,2,5
3536,2,2
3537,2,4
3540,2,2
3543,2,7
3547,2,1
3551,2,2
3565,2,2
3567,2,11
3568,2,1
3601,2,3
3602,2,15
3607,2,5
3609,2,1
3619,2,12
3625,2,12
3628,2,5
3631,2,11
3636,2,8
3640,2,10
3651,2,9
3656,2,2
3657,2,9
3665,2,2
3668,2,4
3670,2,12
3686,2,8
3694,2,3
3698,2,6
3700,2,10
3703,2,2
3705,2,4
3707,2,10
3718,2,9
3726,2,1
3733,2,12
3750,2,2
3754,2,7
3755,2,2
3756,2,2
3758,2,9
3761,2,9
3768,2,6
3769,2,2
3777,2,2
3787,2,2
3794,2,12
3796,2,2
3803,2,9
3824,2,3
3835,2,9
3843,2,4
3848,2,2
3854,2,9
3857,2,3
3864,2,2
3865,2,13
3892,2,2
3896,2,2
3901,2,1
3911,2,12
3914,2,2
3920,2,3
3922,2,3
3932,2,2
3934,2,1
3935,2,12
3940,2,13
3944,2,2
3948,2,14
3955,2,8
3960,2,5
3965,2,2
3967,2,5
3971,2,2
3972,2,1
3978,2,2
3985,2,3
3991,2,2
4010,2,5
4011,2,12
4012,2,9
4027,2,11
4031,2,10
4032,2,2
4037,2,8
4044,2,2
4048,2,9
4052,2,2
4055,2,15
4057,2,9
4071,2,16
4078,2,9
4096,2,6
4102,2,12
4103,2,4
4109,2,10
4111,2,2
4116,2,1
4122,2,9
4126,2,9
4136,2,11
4140,2,1
4143,2,7
4146,2,3
4160,2,2
4180,2,2
4184,2,14
4186,2,2
4188,2,12
4208,2,10
4214,2,5
4216,2,15
4217,2,8
4220,2,4
4226,2,3
4232,2,14
4254,2,4
4258,2,8
4259,2,1
4262,2,8
4274,2,2
4286,2,2
4295,2,6
4296,2,2
4300,2,9
4315,2,13
4318,2,8
4329,2,10
4344,2,2
4353,2,2
4354,2,2
4358,2,7
4366,2,6
4377,2,3
4379,2,2
4383,2,2
4385,2,2
4404,2,5
4409,2,3
4413,2,2
4415,2,10
4420,2,15
4431,2,2
4433,2,6
4443,2,4
4445,2,15
4450,2,1
4455,2,6
4461,2,2
4477,2,10
4480,2,2
4488,2,12
4492,2,14
4504,2,7
4511,2,2
4515,2,2
4528,2,5
4531,2,2
4539,2,2
4553,2,2
4560,2,2
4562,2,3
4564,2,2
4579,2,3
4583,2,8
4589,2,7
4591,2,1
4597,2,10
4603,2,10
4605,2,5
4609,2,2
4628,2,8
4639,2,9
4648,2,1
4651,2,5
4656,2,5
4657,2,13
4667,2,2
4677,2,12
4679,2,14
4688,2,7
4696,2,12
4705,2,13
4715,2,2
4723,2,15
4726,2,11
4738,2,7
4743,2,2
4755,2,7
4759,2,2
4760,2,2
4765,2,12
4767,2,3
4768,2,6
4778,2,3
4780,2,1
4807,2,2
4808,2,2
4811,2,9
4828,2,8
4829,2,9
4830,2,5
4832,2,8
4836,2,2
4849,2,2
4875,2,2
4881,2,13
4885,2,5
4888,2,1
4890,2,5
4892,2,6
4897,2,5
4902,2,2
4905,2,10
4914,2,9
4917,2,10
4920,2,2
4927,2,1
4928,2,10
4931,2,2
4940,2,3
4945,2,14
4952,2,7
4955,2,2
4960,2,3
4978,2,2
4986,2,6
4989,2,5
4999,2,2
5000,2,8
3,3,4
5,3,14
6,3,7
7,3,8
8,3,4
9,3,9
10,3,14
11,3,14
12,3,1
13,3,12
14,3,6
15,3,1
24,3,13
28,3,10
39,3,1
42,3,12
45,3,8
49,3,4
59,3,12
63,3,1
81,3,11
85,3,10
95,3,6
96,3,14
100,3,11
106,3,14
109,3,12
115,3,7
116,3,2
125,3,13
126,3,3
132,3,9
142,3,6
148,3,10
151,3,2
157,3,5
160,3,9
165,3,10
173,3,7
184,3,11
193,3,14
195,3,1
199,3,1
215,3,14
218,3,3
226,3,1
235,3,10
243,3,12
244,3,9
264,3,1
268,3,8
270,3,16
295,3,6
303,3,13
306,3,8
309,3,3
312,3,9
313,3,9
331,3,6
366,3,15
370,3,9
382,3,10
383,3,13
389,3,10
403,3,2
409,3,10
418,3,3
424,3,3
426,3,8
430,3,6
432,3,13
438,3,3
439,3,8
442,3,13
445,3,14
478,3,3
480,3,3
481,3,14
484,3,7
487,3,12
488,3,5
501,3,8
502,3,6
507,3,12
510,3,10
513,3,13
516,3,9
517,3,14
521,3,4
530,3,2
532,3,2
546,3,4
549,3,11
550,3,3
554,3,14
560,3,15
569,3,9
571,3,15
576,3,3
577,3,2
582,3,4
593,3,4
594,3,3
599,3,9
600,3,14
602,3,8
605,3,5
609,3,3
615,3,2
640,3,9
644,3,8
649,3,4
655,3,3
658,3,15
669,3,7
671,3,13
691,3,4
692,3,9
697,3,11
699,3,7
721,3,5
722,3,4
727,3,8
736,3,13
737,3,8
740,3,4
747,3,3
749,3,11
750,3,9
758,3,10
764,3,3
767,3,13
772,3,7
777,3,3
792,3,9
803,3,5
804,3,3
814,3,10
819,3,7
827,3,3
844,3,13
845,3,15
849,3,3
850,3,3
854,3,8
857,3,15
858,3,11
863,3,3
872,3,4
875,3,3
893,3,9
904,3,3
912,3,14
925,3,9
932,3,3
933,3,3
942,3,1
943,3,15
968,3,14
980,3,3
982,3,9
983,3,3
988,3,3
993,3,10
996,3,3
1006,3,3
1010,3,1
1012,3,8
1026,3,7
1027,3,10
1041,3,3
1045,3,2
1054,3,15
1057,3,14
1063,3,4
1065,3,13
1068,3,15
1089,3,2
1091,3,4
1098,3,3
1100,3,14
1103,3,3
1111,3,6
1136,3,3
1143,3,3
1144,3,3
1145,3,8
1154,3,9
1169,3,8
1176,3,3
1178,3,3
1186,3,3
1188,3,3
1189,3,9
1190,3,5
1197,3,3
1199,3,4
1204,3,3
1215,3,3
1216,3,3
1222,3,1
1226,3,14
1237,3,3
1244,3,3
1258,3,3
1260,3,14
1264,3,3
1270,3,3
1271,3,15
1274,3,9
1277,3,2
1280,3,3
1284,3,13
1286,3,6
1297,3,10
1303,3,3
1308,3,15
1321,3,3
1332,3,3
1337,3,2
1338,3,3
1339,3,10
1341,3,3
1344,3,3
1351,3,4
1361,3,10
1370,3,9
1375,3,6
1377,3,4
1387,3,6
1390,3,15
1391,3,3
1393,3,4
1395,3,2
1399,3,3
1404,3,3
1410,3,1
1413,3,5
1422,3,2
1430,3,3
1431,3,7
1435,3,11
1436,3,9
1437,3,2
1443,3,12
1449,3,2
1450,3,14
1454,3,3
1459,3,3
1471,3,3
1472,3,12
1485,3,14
1489,3,3
1493,3,3
1496,3,2
1501,3,10
1504,3,3
1512,3,3
1513,3,4
1521,3,6
1523,3,14
1529,3,8
1535,3,14
1552,3,8
1554,3,2
1555,3,15
1561,3,12
1570,3,8
1574,3,12
1580,3,1
1587,3,3
1596,3,6
1599,3,4
1609,3,5
1614,3,8
1616,3,14
1622,3,8
1632,3,11
1646,3,7
1650,3,10
1663,3,15
1668,3,8
1674,3,4
1678,3,14
1687,3,3
1688,3,10
1691,3,9
1710,3,8
1715,3,13
1717,3,3
1721,3,7
1726,3,3
1730,3,14
1736,3,3
1744,3,13
1748,3,3
1752,3,16
1754,3,6
1763,3,15
1768,3,15
1771,3,6
1789,3,15
1795,3,12
1800,3,13
1804,3,3
1807,3,7
1829,3,5
1834,3,4
1838,3,13
1848,3,3
1849,3,7
1851,3,10
1853,3,1
1854,3,1
1856,3,11
1865,3,15
1878,3,8
1900,3,3
1904,3,8
1906,3,8
1910,3,5
1921,3,11
1922,3,10
1928,3,4
1934,3,10
1944,3,7
1948,3,13
1959,3,8
1978,3,6
1987,3,9
1988,3,2
1994,3,4
2004,3,2
2018,3,7
2034,3,12
2035,3,3
2037,3,3
2045,3,14
2050,3,3
2053,3,6
2062,3,3
2068,3,7
2073,3,15
2075,3,15
2089,3,9
2097,3,3
2099,3,3
2107,3,11
2109,3,4
2110,3,8
2111,3,6
2116,3,11
2117,3,12
2137,3,3
2143,3,7
2159,3,3
2164,3,3
2183,3,10
2189,3,3
2235,3,7
2245,3,1
2269,3,3
2275,3,11
2285,3,3
2288,3,3
2291,3,3
2300,3,7
2321,3,7
2325,3,7
2332,3,9
2333,3,3
2362,3,10
2385,3,12
2387,3,3
2393,3,7
2397,3,3
2420,3,2
2433,3,8
2451,3,3
2457,3,6
2459,3,3
2460,3,3
2464,3,1
2473,3,5
2491,3,5
2494,3,12
2500,3,15
2502,3,13
2513,3,9
2519,3,6
2534,3,3
2535,3,14
2544,3,5
2553,3,3
2566,3,5
2587,3,3
2593,3,9
2597,3,10
2607,3,8
2608,3,9
2610,3,4
2626,3,13
2633,3,3
2636,3,3
2638,3,4
2639,3,4
2641,3,8
2645,3,12
2648,3,9
2656,3,6
2671,3,12
2683,3,3
2686,3,3
2687,3,6
2689,3,9
2699,3,10
2704,3,6
2710,3,3
2713,3,3
2714,3,7
2733,3,5
2737,3,3
2741,3,8
2744,3,10
2757,3,4
2781,3,6
2783,3,7
2792,3,9
2801,3,8
2803,3,5
2808,3,15
2821,3,5
2845,3,13
2853,3,5
2861,3,7
2883,3,3
2888,3,3
2892,3,5
2896,3,10
2898,3,8
2900,3,3
2902,3,8
2906,3,14
2909,3,13
2913,3,12
2937,3,13
2947,3,7
2949,3,3
2950,3,15
2958,3,1
2959,3,15
2964,3,9
2970,3,9
2978,3,3
2987,3,3
2994,3,15
2996,3,9
3001,3,3
3008,3,3
3017,3,5
3029,3,6
3031,3,11
3042,3,14
3044,3,3
3051,3,3
3069,3,5
3074,3,11
3082,3,14
3085,3,4
3090,3,6
3105,3,3
3108,3,6
3116,3,12
3118,3,3
3121,3,8
3123,3,3
3143,3,13
3145,3,11
3147,3,3
3148,3,9
3174,3,3
3178,3,9
3180,3,9
3185,3,3
3197,3,7
3210,3,15
3213,3,15
3219,3,13
3220,3,3
3226,3,3
3227,3,4
3234,3,3
3243,3,8
3246,3,15
3269,3,1
3274,3,7
3281,3,5
3289,3,2
3290,3,4
3293,3,12
3295,3,12
3302,3,4
3310,3,3
3321,3,11
3335,3,3
3354,3,1
3356,3,3
3363,3,5
3382,3,7
3385,3,2
3393,3,6
3420,3,8
3439,3,2
3451,3,2
3474,3,14
3476,3,4
3480,3,3
3489,3,10
3493,3,12
3498,3,3
3501,3,10
3510,3,14
3523,3,3
3532,3,7
3537,3,9
3543,3,3
3551,3,3
3567,3,11
3568,3,5
3584,3,3
3601,3,8
3602,3,14
3607,3,5
3609,3,13
3619,3,8
3625,3,10
3628,3,1
3631,3,5
3636,3,3
3640,3,12
3651,3,16
3657,3,8
3663,3,3
3665,3,1
3668,3,9
3670,3,4
3686,3,9
3694,3,7
3698,3,2
3700,3,10
3703,3,3
3705,3,11
3707,3,10
3724,3,3
3726,3,3
3733,3,10
3738,3,3
3750,3,3
3754,3,6
3755,3,7
3758,3,5
3761,3,8
3762,3,3
3768,3,14
3769,3,15
3777,3,3
3794,3,2
3796,3,3
3803,3,10
3824,3,7
3835,3,8
3843,3,6
3848,3,7
3854,3,7
3857,3,1
3864,3,3
3865,3,5
3892,3,4
3901,3,7
3911,3,5
3914,3,5
3920,3,7
3922,3,8
3934,3,1
3935,3,15
3937,3,3
3940,3,3
3944,3,12
3948,3,3
3955,3,3
3957,3,3
3960,3,1
3967,3,4
3971,3,12
3978,3,10
3985,3,1
3988,3,3
4010,3,9
4011,3,3
4012,3,15
4013,3,3
4027,3,9
4044,3,3
4048,3,14
4052,3,9
4055,3,8
4071,3,14
4078,3,2
4084,3,3
4096,3,13
4097,3,3
4102,3,6
4103,3,14
4109,3,8
4111,3,7
4116,3,3
4122,3,8
4123,3,3
4126,3,5
4128,3,3
4136,3,15
4140,3,10
4180,3,3
4184,3,14
4186,3,3
4188,3,5
4194,3,3
4208,3,4
4214,3,9
4216,3,8
4217,3,7
4220,3,9
4226,3,9
4232,3,2
4254,3,3
4258,3,5
4259,3,6
4262,3,5
4271,3,3
4286,3,4
4296,3,9
4300,3,8
4311,3,3
4315,3,1
4329,3,16
4344,3,3
4354,3,3
4358,3,1
4366,3,9
4377,3,10
4385,3,8
4397,3,3
4413,3,14
4415,3,9
4420,3,10
4433,3,10
4443,3,4
4445,3,12
4450,3,2
4451,3,3
4455,3,9
4477,3,3
4488,3,10
4492,3,3
4511,3,2
4528,3,2
4531,3,4
4539,3,7
4562,3,15
4579,3,7
4582,3,13
4583,3,12
4589,3,6
4591,3,9
4592,3,3
4597,3,9
4602,3,3
4605,3,7
4612,3,3
4628,3,13
4639,3,10
4648,3,6
4651,3,6
4656,3,1
4657,3,6
4671,3,3
4673,3,3
4677,3,9
4679,3,12
4688,3,1
4691,3,3
4696,3,9
4702,3,3
4705,3,5
4715,3,4
4723,3,8
4726,3,5
4738,3,14
4745,3,3
4755,3,2
4765,3,13
4767,3,3
4778,3,4
4779,3,3
4780,3,7
4828,3,15
4829,3,8
4830,3,3
4832,3,5
4833,3,3
4836,3,7
4881,3,5
4886,3,3
4888,3,5
4890,3,11
4897,3,9
4905,3,6
4914,3,10
4918,3,3
4927,3,3
4928,3,8
4931,3,3
4940,3,3
4945,3,1
4955,3,6
4975,3,3
4978,3,14
4986,3,6
4987,3,9
4989,3,3
4999,3,8
5000,3,12
4,4,2
5,4,7
7,4,7
8,4,10
9,4,8
11,4,4
12,4,5
13,4,6
14,4,2
15,4,11
24,4,4
28,4,8
39,4,1
42,4,2
45,4,15
49,4,4
59,4,9
63,4,5
81,4,4
85,4,1
96,4,7
100,4,11
106,4,12
109,4,15
116,4,13
132,4,4
148,4,2
151,4,5
160,4,9
165,4,8
167,4,6
173,4,15
184,4,6
190,4,4
195,4,6
199,4,4
215,4,10
226,4,13
235,4,13
243,4,15
244,4,6
246,4,13
253,4,4
256,4,9
270,4,6
272,4,4
279,4,4
295,4,1
303,4,6
306,4,15
309,4,7
312,4,6
313,4,10
331,4,4
366,4,5
367,4,4
370,4,4
374,4,4
383,4,3
389,4,14
392,4,4
403,4,10
409,4,10
415,4,4
426,4,1
430,4,11
432,4,10
438,4,1
442,4,7
463,4,4
481,4,14
484,4,14
487,4,8
488,4,5
490,4,4
501,4,13
502,4,7
507,4,14
510,4,7
513,4,2
517,4,14
521,4,7
532,4,4
549,4,1
554,4,2
560,4,13
569,4,7
571,4,6
577,4,2
588,4,4
593,4,3
599,4,3
600,4,3
602,4,3
605,4,15
615,4,12
622,4,4
640,4,6
649,4,15
658,4,2
663,4,4
669,4,15
671,4,9
686,4,4
692,4,8
697,4,6
699,4,4
702,4,4
721,4,10
736,4,9
737,4,9
740,4,8
747,4,4
749,4,5
750,4,2
758,4,12
762,4,4
764,4,4
767,4,15
772,4,2
785,4,4
792,4,13
803,4,11
814,4,5
819,4,12
827,4,9
834,4,4
844,4,13
845,4,14
850,4,4
854,4,12
857,4,13
858,4,5
863,4,10
872,4,2
875,4,8
893,4,9
904,4,4
912,4,3
924,4,4
932,4,6
942,4,7
943,4,12
968,4,4
980,4,5
993,4,8
998,4,4
1010,4,6
1012,4,6
1022,4,4
1025,4,4
1026,4,14
1037,4,4
1041,4,4
1054,4,2
1057,4,1
1063,4,2
1065,4,15
1068,4,6
1089,4,4
1091,4,9
1110,4,3
1111,4,14
1124,4,11
1144,4,12
1145,4,10
1164,4,4
1173,4,4
1178,4,10
1186,4,4
1189,4,3
1199,4,6
1215,4,9
1216,4,8
1226,4,9
1237,4,10
1244,4,4
1258,4,4
1260,4,11
1264,4,4
1270,4,4
1271,4,2
1274,4,7
1277,4,2
1280,4,4
1284,4,12
1286,4,11
1297,4,6
1308,4,9
1319,4,4
1337,4,15
1338,4,6
1339,4,10
1351,4,9
1361,4,6
1370,4,8
1376,4,8
1377,4,4
1387,4,12
1390,4,16
1391,4,4
1393,4,4
1395,4,4
1399,4,4
1403,4,4
1404,4,7
1413,4,1
1422,4,11
1433,4,2
1435,4,9
1436,4,13
1437,4,4
1443,4,14
1449,4,4
1450,4,7
1454,4,7
1472,4,9
1485,4,6
1493,4,4
1496,4,14
1501,4,3
1505,4,4
1512,4,4
1513,4,12
1521,4,6
1523,4,1
1529,4,7
1531,4,4
1535,4,6
1548,4,4
1552,4,12
1554,4,5
1555,4,2
1561,4,7
1570,4,14
1574,4,6
1580,4,4
1591,4,4
1599,4,1
1601,4,4
1609,4,4
1614,4,7
1616,4,4
1622,4,2
1630,4,6
1632,4,12
1636,4,5
1646,4,1
1650,4,7
1655,4,4
1663,4,8
1666,4,4
1668,4,4
1674,4,3
1678,4,4
1688,4,8
1691,4,11
1692,4,4
1707,4,4
1710,4,5
1715,4,7
1721,4,11
1730,4,3
1744,4,6
1752,4,4
1754,4,2
1763,4,3
1768,4,15
1771,4,12
1784,4,4
1789,4,3
1795,4,5
1800,4,6
1804,4,7
1822,4,4
1829,4,8
1838,4,8
1840,4,4
1848,4,4
1849,4,10
1851,4,12
1853,4,2
1856,4,3
1865,4,4
1876,4,3
1878,4,15
1904,4,7
1906,4,10
1910,4,5
1921,4,13
1923,4,11
1928,4,5
1934,4,6
1944,4,4
1948,4,4
1978,4,14
1987,4,5
1988,4,7
1997,4,4
2004,4,9
2018,4,10
2027,4,4
2031,4,4
2034,4,3
2037,4,4
2045,4,14
2062,4,7
2068,4,4
2073,4,8
2075,4,8
2089,4,5
2099,4,2
2107,4,13
2109,4,12
2110,4,15
2111,4,4
2115,4,13
2116,4,11
2117,4,13
2122,4,4
2143,4,5
2164,4,4
2171,4,4
2183,4,14
2184,4,4
2187,4,4
2201,4,4
2208,4,4
2227,4,4
2245,4,4
2275,4,2
2285,4,4
2291,4,4
2300,4,12
2301,4,4
2321,4,9
2325,4,4
2332,4,7
2362,4,3
2366,4,4
2369,4,4
2374,4,4
2385,4,5
2387,4,4
2393,4,5
2397,4,4
2420,4,14
2448,4,4
2452,4,4
2457,4,1
2460,4,4
2464,4,4
2473,4,5
2491,4,4
2494,4,11
2498,4,4
2500,4,13
2502,4,3
2504,4,4
2513,4,10
2519,4,15
2534,4,3
2535,4,8
2542,4,4
2544,4,9
2558,4,4
2565,4,4
2566,4,3
2572,4,4
2587,4,2
2593,4,14
2596,4,4
2597,4,2
2607,4,12
2608,4,9
2610,4,7
2626,4,15
2638,4,14
2639,4,1
2645,4,2
2648,4,4
2656,4,6
2671,4,13
2686,4,5
2687,4,13
2699,4,10
2703,4,4
2704,4,14
2708,4,4
2710,4,5
2713,4,2
2714,4,1
2715,4,4
2718,4,4
2737,4,4
2741,4,15
2757,4,3
2765,4,4
2779,4,9
2781,4,15
2783,4,7
2792,4,11
2803,4,12
2808,4,15
2821,4,3
2822,4,4
2845,4,3
2853,4,6
2863,4,4
2888,4,8
2892,4,14
2896,4,8
2898,4,6
2902,4,13
2906,4,13
2909,4,6
2911,4,4
2913,4,5
2937,4,5
2946,4,4
2950,4,15
2958,4,4
2959,4,6
2964,4,6
2970,4,9
2994,4,5
2996,4,11
3001,4,9
3008,4,1
3017,4,4
3022,4,4
3029,4,2
3031,4,6
3042,4,4
3044,4,4
3054,4,4
3069,4,8
3071,4,4
3074,4,7
3083,4,4
3090,4,10
3096,4,4
3116,4,15
3118,4,1
3119,4,4
3121,4,6
3128,4,4
3143,4,7
3145,4,9
3147,4,6
3152,4,4
3174,4,2
3180,4,3
3191,4,4
3197,4,1
3210,4,2
3219,4,12
3220,4,4
3222,4,4
3234,4,4
3243,4,14
3246,4,3
3250,4,4
3269,4,10
3274,4,7
3281,4,6
3289,4,1
3290,4,4
3292,4,4
3293,4,12
3295,4,15
3302,4,6
3310,4,4
3321,4,11
3353,4,4
3354,4,4
3363,4,6
3381,4,13
3384,4,4
3393,4,4
3420,4,1
3439,4,6
3451,4,14
3474,4,2
3476,4,1
3489,4,14
3493,4,15
3498,4,4
3510,4,2
3537,4,4
3542,4,4
3543,4,11
3551,4,1
3565,4,4
3567,4,1
3568,4,6
3584,4,10
3601,4,8
3602,4,3
3607,4,14
3619,4,6
3624,4,4
3625,4,8
3628,4,4
3631,4,6
3632,4,4
3636,4,1
3640,4,1
3651,4,5
3663,4,4
3665,4,6
3668,4,1
3670,4,6
3686,4,1
3694,4,15
3698,4,14
3705,4,15
3707,4,10
3726,4,12
3733,4,8
3738,4,4
3754,4,15
3755,4,10
3756,4,4
3758,4,4
3761,4,7
3768,4,8
3769,4,5
3777,4,13
3787,4,15
3794,4,11
3796,4,4
3803,4,4
3808,4,4
3822,4,4
3824,4,13
3848,4,6
3854,4,14
3857,4,10
3865,4,9
3882,4,4
3901,4,13
3911,4,11
3914,4,6
3920,4,15
3922,4,10
3934,4,14
3935,4,2
3940,4,4
3944,4,8
3948,4,1
3955,4,1
3960,4,12
3965,4,4
3967,4,12
3971,4,2
3978,4,7
3991,4,4
4010,4,2
4011,4,3
4012,4,6
4027,4,4
4032,4,4
4048,4,9
4052,4,11
4055,4,11
4071,4,7
4078,4,14
4096,4,6
4102,4,5
4103,4,6
4109,4,4
4116,4,2
4119,4,4
4126,4,4
4136,4,12
4140,4,10
4143,4,4
4186,4,4
4188,4,5
4208,4,9
4214,4,1
4216,4,8
4217,4,2
4220,4,11
4226,4,2
4232,4,1
4254,4,3
4258,4,1
4259,4,15
4262,4,12
4271,4,4
4286,4,14
4291,4,4
4296,4,4
4300,4,4
4315,4,10
4318,4,4
4321,4,4
4327,4,4
4329,4,4
4330,4,4
4333,4,4
4358,4,12
4366,4,8
4385,4,14
4413,4,9
4415,4,12
4417,4,4
4420,4,8
4433,4,3
4443,4,6
4445,4,4
4450,4,6
4455,4,2
4461,4,4
4477,4,4
4487,4,4
4488,4,3
4489,4,4
4511,4,9
4515,4,4
4528,4,15
4531,4,4
4539,4,10
4544,4,4
4562,4,5
4579,4,15
4582,4,5
4583,4,7
4589,4,8
4597,4,7
4603,4,4
4605,4,10
4609,4,4
4628,4,12
4639,4,11
4640,4,4
4648,4,9
4651,4,7
4656,4,5
4657,4,11
4677,4,5
4679,4,10
4688,4,5
4691,4,4
4692,4,4
4705,4,9
4715,4,8
4723,4,8
4726,4,2
4730,4,4
4738,4,1
4755,4,5
4765,4,14
4767,4,4
4768,4,13
4828,4,14
4829,4,4
4830,4,15
4832,4,2
4888,4,1
4890,4,3
4897,4,3
4902,4,4
4917,4,2
4918,4,4
4920,4,4
4927,4,8
4928,4,14
4940,4,6
4945,4,3
4952,4,4
4955,4,1
4966,4,4
4978,4,1
4986,4,1
4987,4,3
4989,4,3
4999,4,15
5000,4,5
3,5,6
5,5,11
6,5,1
7,5,3
8,5,3
9,5,13
11,5,14
13,5,15
14,5,8
15,5,11
24,5,2
28,5,14
32,5,5
39,5,13
42,5,7
45,5,7
47,5,5
49,5,5
59,5,3
63,5,4
81,5,4
85,5,2
95,5,3
98,5,5
100,5,15
106,5,7
109,5,2
111,5,5
116,5,15
125,5,12
148,5,6
151,5,10
160,5,1
165,5,7
167,5,2
173,5,3
184,5,6
193,5,2
195,5,4
215,5,9
226,5,15
235,5,13
236,5,5
244,5,3
246,5,7
256,5,9
264,5,6
268,5,14
270,5,14
279,5,5
281,5,5
295,5,7
303,5,10
306,5,9
313,5,10
331,5,14
349,5,5
355,5,5
366,5,2
370,5,14
383,5,2
389,5,1
403,5,13
409,5,8
424,5,5
426,5,11
430,5,9
432,5,15
438,5,3
442,5,6
445,5,14
478,5,5
481,5,15
484,5,15
487,5,3
488,5,3
501,5,15
502,5,2
507,5,7
510,5,5
513,5,12
517,5,4
521,5,3
541,5,5
549,5,8
554,5,2
560,5,11
569,5,8
571,5,12
577,5,7
581,5,5
582,5,5
584,5,5
588,5,5
593,5,3
600,5,8
602,5,11
615,5,3
636,5,5
640,5,9
649,5,4
659,5,5
669,5,5
671,5,13
692,5,5
697,5,7
699,5,9
721,5,11
736,5,5
737,5,9
740,5,1
749,5,1
750,5,14
758,5,1
764,5,5
767,5,1
772,5,3
785,5,5
786,5,5
792,5,10
793,5,5
803,5,11
814,5,5
819,5,6
827,5,5
844,5,12
845,5,2
854,5,9
857,5,1
858,5,1
872,5,8
893,5,6
904,5,5
912,5,2
916,5,5
942,5,2
943,5,12
953,5,5
968,5,14
980,5,11
993,5,3
1006,5,5
1010,5,1
1012,5,14
1018,5,5
1026,5,15
1045,5,1
1054,5,15
1057,5,14
1063,5,14
1065,5,4
1068,5,4
1081,5,5
1089,5,4
1091,5,13
1100,5,1
1103,5,5
1110,5,13
1111,5,11
1124,5,2
1141,5,5
1144,5,10
1145,5,14
1189,5,8
1190,5,4
1199,5,2
1216,5,6
1223,5,5
1226,5,13
1237,5,5
1258,5,5
1268,5,5
1270,5,10
1271,5,8
1274,5,5
1277,5,1
1284,5,5
1286,5,1
1297,5,8
1308,5,16
1316,5,5
1319,5,5
1321,5,5
1333,5,5
1337,5,6
1338,5,7
1341,5,5
1351,5,4
1361,5,14
1376,5,1
1377,5,4
1390,5,1
1391,5,7
1413,5,2
1422,5,11
1428,5,5
1430,5,5
1431,5,5
1435,5,8
1436,5,3
1437,5,7
1443,5,11
1449,5,1
1450,5,1
1454,5,3
1472,5,9
1485,5,12
1493,5,10
1496,5,9
1501,5,7
1513,5,9
1521,5,10
1523,5,11
1529,5,6
1535,5,14
1548,5,5
1552,5,11
1554,5,12
1555,5,8
1561,5,13
1570,5,8
1574,5,13
1580,5,9
1587,5,5
1599,5,8
1609,5,7
1613,5,5
1614,5,2
1616,5,12
1622,5,12
1625,5,5
1630,5,11
1632,5,5
1636,5,6
1646,5,2
1650,5,4
1663,5,7
1668,5,7
1674,5,12
1678,5,4
1688,5,6
1691,5,3
1707,5,5
1710,5,14
1715,5,4
1721,5,1
1730,5,5
1744,5,5
1752,5,12
1754,5,5
1763,5,7
1768,5,4
1771,5,8
1778,5,5
1789,5,4
1795,5,9
1800,5,5
1804,5,11
1807,5,5
1829,5,7
1831,5,8
1834,5,3
1838,5,10
1848,5,5
1849,5,8
1851,5,15
1853,5,1
1856,5,12
1864,5,5
1865,5,12
1876,5,8
1878,5,6
1904,5,14
1910,5,4
1921,5,13
1922,5,5
1923,5,7
1928,5,2
1943,5,5
1948,5,2
1959,5,5
1960,5,5
1978,5,5
1987,5,14
1988,5,6
2004,5,7
2013,5,5
2018,5,8
2034,5,6
2036,5,5
2037,5,5
2045,5,8
2062,5,5
2073,5,9
2075,5,15
2089,5,12
2099,5,9
2100,5,5
2107,5,12
2109,5,2
2110,5,11
2115,5,12
2116,5,9
2117,5,4
2137,5,5
2143,5,9
2153,5,5
2183,5,3
2208,5,5
2245,5,3
2275,5,15
2281,5,5
2284,5,5
2285,5,10
2291,5,10
2300,5,2
2321,5,12
2325,5,9
2332,5,11
2347,5,5
2362,5,2
2363,5,5
2369,5,5
2385,5,3
2393,5,7
2420,5,6
2457,5,10
2464,5,6
2473,5,7
2486,5,5
2491,5,10
2494,5,11
2498,5,5
2500,5,6
2502,5,5
2513,5,7
2516,5,5
2519,5,10
2534,5,5
2535,5,4
2544,5,13
2558,5,5
2566,5,7
2586,5,5
2593,5,9
2597,5,8
2600,5,5
2607,5,3
2608,5,6
2610,5,1
2613,5,5
2626,5,3
2633,5,5
2636,5,5
2638,5,5
2639,5,15
2641,5,5
2645,5,1
2655,5,5
2656,5,9
2665,5,5
2671,5,5
2687,5,15
2689,5,5
2699,5,2
2704,5,7
2710,5,7
2714,5,13
2715,5,5
2733,5,5
2741,5,6
2757,5,11
2771,5,5
2779,5,3
2781,5,12
2783,5,9
2792,5,14
2801,5,5
2803,5,3
2808,5,10
2814,5,5
2821,5,2
2840,5,5
2845,5,5
2863,5,5
2888,5,10
2892,5,6
2895,5,5
2896,5,3
2898,5,15
2902,5,4
2906,5,4
2909,5,12
2913,5,6
2928,5,5
2937,5,15
2950,5,14
2958,5,5
2959,5,9
2964,5,8
2994,5,9
3008,5,9
3022,5,5
3029,5,2
3031,5,10
3042,5,8
3069,5,11
3074,5,12
3081,5,5
3082,5,15
3090,5,11
3092,5,5
3116,5,14
3118,5,11
3123,5,5
3128,5,5
3137,5,5
3143,5,4
3145,5,13
3147,5,9
3156,5,5
3164,5,5
3178,5,7
3180,5,11
3197,5,2
3205,5,5
3210,5,8
3213,5,5
3219,5,4
3243,5,11
3246,5,8
3269,5,5
3274,5,8
3275,5,5
3281,5,1
3289,5,2
3290,5,5
3292,5,5
3293,5,14
3295,5,4
3310,5,5
3312,5,5
3321,5,3
3333,5,5
3335,5,5
3348,5,5
3354,5,4
3363,5,7
3377,5,5
3381,5,15
3382,5,5
3393,5,6
3399,5,5
3420,5,8
3439,5,11
3443,5,5
3451,5,11
3454,5,5
3465,5,5
3474,5,4
3476,5,2
3478,5,5
3489,5,14
3493,5,3
3509,5,5
3510,5,4
3527,5,5
3532,5,5
3543,5,1
3567,5,9
3568,5,10
3581,5,5
3601,5,7
3602,5,11
3607,5,5
3609,5,14
3619,5,8
3625,5,6
3626,5,5
3631,5,10
3640,5,3
3651,5,2
3665,5,7
3668,5,4
3670,5,1
3674,5,5
3683,5,5
3686,5,2
3694,5,12
3698,5,1
3703,5,5
3705,5,1
3707,5,14
3718,5,5
3726,5,2
3733,5,10
3738,5,5
3754,5,3
3755,5,12
3756,5,5
3761,5,9
3768,5,5
3769,5,3
3777,5,5
3787,5,15
3794,5,3
3824,5,12
3843,5,5
3848,5,5
3857,5,14
3865,5,14
3893,5,5
3901,5,15
3911,5,6
3920,5,15
3922,5,12
3932,5,5
3934,5,3
3935,5,5
3940,5,6
3944,5,9
3955,5,11
3960,5,5
3967,5,8
3971,5,8
3975,5,5
3976,5,5
3978,5,5
3991,5,5
4010,5,15
4011,5,5
4012,5,3
4027,5,7
4032,5,5
4037,5,5
4044,5,5
4047,5,5
4048,5,7
4052,5,10
4055,5,7
4058,5,5
4071,5,1
4074,5,5
4078,5,2
4088,5,5
4096,5,4
4102,5,13
4103,5,10
4112,5,5
4113,5,5
4126,5,12
4136,5,11
4140,5,9
4168,5,5
4186,5,5
4188,5,6
4208,5,12
4214,5,4
4216,5,12
4217,5,1
4220,5,4
4226,5,8
4232,5,9
4254,5,5
4258,5,15
4259,5,13
4262,5,4
4286,5,5
4292,5,5
4296,5,2
4315,5,15
4329,5,1
4333,5,4
4358,5,10
4360,5,5
4366,5,11
4377,5,5
4379,5,5
4385,5,4
4404,5,5
4409,5,5
4413,5,8
4420,5,4
4443,5,8
4445,5,14
4450,5,8
4455,5,9
4464,5,5
4477,5,2
4488,5,10
4489,5,5
4492,5,15
4528,5,6
4531,5,5
4539,5,9
4551,5,5
4562,5,1
4578,5,5
4579,5,11
4582,5,6
4583,5,4
4597,5,4
4605,5,3
4628,5,5
4629,5,5
4635,5,5
4639,5,7
4640,5,5
4645,5,5
4648,5,15
4651,5,9
4656,5,15
4657,5,13
4664,5,5
4671,5,5
4677,5,8
4679,5,1
4688,5,15
4696,5,13
4700,5,5
4705,5,4
4715,5,9
4723,5,5
4724,5,5
4726,5,1
4738,5,14
4743,5,5
4755,5,10
4765,5,9
4768,5,9
4780,5,5
4813,5,5
4828,5,10
4830,5,13
4832,5,5
4835,5,5
4881,5,7
4888,5,12
4892,5,5
4917,5,9
4920,5,5
4928,5,15
4945,5,9
4966,5,5
4978,5,10
4986,5,8
4987,5,5
4999,5,1
5000,5,14
3,6,10
4,6,3
6,6,4
7,6,7
8,6,14
9,6,13
10,6,1
11,6,10
12,6,7
13,6,10
14,6,6
15,6,11
24,6,2
28,6,14
35,6,6
39,6,5
45,6,7
49,6,6
54,6,6
59,6,15
63,6,13
67,6,6
81,6,14
85,6,13
95,6,2
100,6,9
106,6,1
109,6,1
116,6,5
125,6,8
148,6,14
151,6,13
165,6,10
167,6,3
173,6,3
184,6,14
192,6,6
195,6,9
215,6,3
226,6,13
228,6,6
235,6,8
237,6,6
243,6,2
246,6,5
251,6,6
256,6,13
260,6,6
264,6,5
270,6,12
279,6,6
295,6,10
303,6,9
306,6,3
312,6,13
313,6,4
331,6,5
368,6,6
370,6,12
375,6,6
383,6,8
389,6,11
403,6,4
409,6,3
415,6,6
432,6,7
438,6,9
442,6,15
445,6,2
481,6,1
484,6,8
486,6,6
487,6,12
488,6,6
500,6,6
501,6,3
502,6,9
507,6,5
517,6,6
532,6,6
546,6,6
549,6,6
554,6,15
560,6,5
569,6,5
571,6,15
577,6,8
592,6,6
593,6,11
594,6,6
600,6,14
602,6,8
605,6,13
609,6,6
615,6,8
619,6,6
640,6,11
658,6,8
663,6,6
669,6,1
671,6,3
681,6,6
692,6,3
696,6,6
697,6,15
720,6,6
721,6,11
736,6,12
737,6,9
740,6,2
747,6,6
749,6,16
750,6,13
758,6,16
764,6,9
767,6,7
772,6,15
792,6,8
803,6,12
814,6,10
817,6,6
819,6,5
827,6,13
835,6,6
844,6,4
845,6,10
847,6,6
849,6,6
850,6,6
854,6,12
858,6,12
872,6,6
875,6,6
893,6,4
912,6,15
942,6,3
943,6,8
953,6,6
962,6,6
968,6,4
980,6,2
993,6,7
1010,6,13
1012,6,15
1026,6,8
1041,6,6
1045,6,8
1054,6,9
1057,6,15
1063,6,13
1065,6,10
1068,6,5
1091,6,15
1100,6,10
1110,6,6
1111,6,8
1124,6,15
1143,6,6
1144,6,5
1169,6,6
1173,6,6
1189,6,12
1190,6,7
1199,6,15
1216,6,10
1222,6,6
1223,6,6
1226,6,5
1233,6,6
1237,6,7
1258,6,6
1260,6,12
1270,6,6
1271,6,9
1274,6,5
1277,6,6
1284,6,2
1286,6,14
1303,6,6
1308,6,3
1319,6,6
1331,6,6
1332,6,6
1338,6,13
1339,6,1
1341,6,6
1351,6,11
1358,6,6
1361,6,4
1375,6,6
1377,6,9
1387,6,3
1388,6,6
1390,6,12
1391,6,8
1413,6,13
1422,6,10
1433,6,8
1435,6,10
1436,6,2
1437,6,1
1443,6,8
1449,6,7
1493,6,6
1496,6,2
1501,6,2
1513,6,14
1523,6,14
1529,6,7
1530,6,6
1535,6,7
1548,6,6
1552,6,5
1554,6,5
1555,6,10
1561,6,4
1566,6,6
1570,6,8
1574,6,14
1580,6,14
1599,6,13
1609,6,2
1614,6,15
1616,6,9
1617,6,6
1622,6,14
1630,6,6
1632,6,4
1633,6,6
1636,6,14
1646,6,4
1650,6,5
1663,6,9
1668,6,13
1674,6,15
1678,6,10
1688,6,12
1698,6,6
1707,6,6
1710,6,15
1715,6,14
1721,6,7
1730,6,7
1751,6,6
1752,6,2
1754,6,4
1756,6,6
1763,6,12
1768,6,7
1771,6,5
1789,6,1
1795,6,12
1800,6,10
1803,6,6
1804,6,8
1829,6,15
1834,6,6
1838,6,9
1848,6,6
1849,6,10
1851,6,9
1853,6,1
1856,6,8
1865,6,6
1876,6,2
1878,6,12
1904,6,6
1910,6,12
1921,6,11
1923,6,10
1928,6,11
1934,6,10
1948,6,1
1978,6,5
1987,6,2
1988,6,5
2004,6,2
2018,6,12
2020,6,6
2027,6,11
2034,6,2
2037,6,10
2045,6,1
2062,6,6
2073,6,6
2075,6,15
2084,6,6
2089,6,11
2099,6,10
2100,6,6
2107,6,9
2109,6,5
2110,6,14
2111,6,7
2115,6,14
2116,6,9
2117,6,3
2121,6,6
2143,6,6
2147,6,6
2164,6,6
2183,6,5
2184,6,6
2215,6,6
2245,6,9
2275,6,12
2291,6,6
2300,6,8
2321,6,12
2325,6,9
2332,6,2
2362,6,4
2385,6,14
2387,6,6
2393,6,12
2420,6,15
2457,6,11
2472,6,6
2473,6,8
2500,6,9
2502,6,8
2513,6,14
2516,6,6
2519,6,7
2523,6,6
2534,6,4
2535,6,12
2544,6,3
2572,6,6
2587,6,6
2593,6,7
2597,6,5
2607,6,14
2608,6,2
2610,6,7
2618,6,6
2626,6,11
2633,6,6
2638,6,7
2639,6,12
2640,6,6
2641,6,6
2645,6,8
2656,6,3
2661,6,6
2671,6,14
2687,6,3
2699,6,7
2703,6,6
2704,6,8
2710,6,14
2714,6,12
2730,6,6
2741,6,3
2757,6,2
2765,6,6
2779,6,13
2781,6,14
2783,6,8
2803,6,3
2808,6,7
2821,6,14
2845,6,5
2861,6,6
2888,6,5
2892,6,7
2896,6,13
2898,6,15
2902,6,3
2909,6,8
2913,6,15
2937,6,6
2950,6,12
2958,6,5
2959,6,7
2964,6,8
2970,6,2
2987,6,6
2994,6,2
2996,6,12
3008,6,15
3022,6,6
3029,6,5
3031,6,4
3042,6,11
3057,6,6
3069,6,11
3074,6,8
3082,6,6
3090,6,11
3108,6,6
3116,6,6
3118,6,6
3119,6,6
3121,6,5
3143,6,5
3145,6,8
3147,6,14
3178,6,2
3180,6,7
3197,6,7
3205,6,6
3210,6,11
3219,6,11
3243,6,11
3246,6,7
3269,6,5
3273,6,6
3274,6,13
3281,6,2
3289,6,5
3290,6,7
3293,6,9
3302,6,7
3310,6,8
3321,6,14
3345,6,6
3354,6,3
3363,6,6
3381,6,13
3382,6,15
3393,6,10
3443,6,6
3451,6,3
3452,6,6
3454,6,6
3474,6,14
3476,6,10
3489,6,2
3493,6,14
3510,6,10
3521,6,6
3536,6,6
3543,6,8
3562,6,6
3567,6,2
3568,6,10
3582,6,6
3601,6,8
3602,6,10
3607,6,9
3625,6,14
3631,6,10
3636,6,6
3640,6,10
3651,6,7
3663,6,6
3665,6,6
3667,6,6
3668,6,12
3670,6,13
3686,6,13
3694,6,2
3698,6,12
3700,6,12
3705,6,8
3707,6,13
3708,6,6
3726,6,12
3750,6,6
3753,6,6
3754,6,3
3755,6,4
3761,6,11
3768,6,8
3769,6,2
3777,6,14
3794,6,11
3824,6,7
3826,6,6
3848,6,13
3854,6,11
3855,6,6
3857,6,13
3865,6,2
3882,6,6
3901,6,10
3911,6,10
3920,6,14
3922,6,7
3934,6,12
3935,6,15
3940,6,14
3944,6,11
3948,6,11
3955,6,4
3958,6,6
3959,6,6
3960,6,7
3967,6,9
3971,6,8
3978,6,6
3985,6,6
4010,6,9
4011,6,4
4027,6,2
4048,6,3
4052,6,12
4071,6,15
4078,6,7
4096,6,8
4102,6,6
4103,6,10
4119,6,6
4122,6,6
4123,6,6
4126,6,6
4136,6,7
4140,6,11
4184,6,13
4188,6,8
4203,6,6
4208,6,6
4214,6,7
4216,6,11
4217,6,13
4220,6,5
4226,6,2
4232,6,5
4244,6,6
4258,6,12
4259,6,9
4262,6,5
4271,6,6
4286,6,6
4315,6,6
4329,6,2
4333,6,14
4344,6,6
4358,6,15
4366,6,7
4377,6,6
4379,6,6
4404,6,6
4413,6,10
4415,6,2
4420,6,10
4437,6,6
4443,6,5
4450,6,9
4455,6,12
4461,6,6
4488,6,5
4489,6,6
4492,6,15
4528,6,6
4531,6,10
4562,6,1
4573,6,6
4579,6,8
4583,6,9
4589,6,14
4591,6,6
4597,6,13
4605,6,5
4628,6,6
4639,6,8
4640,6,6
4648,6,8
4649,6,6
4651,6,10
4656,6,6
4657,6,9
4660,6,6
4677,6,8
4679,6,6
4688,6,7
4696,6,2
4705,6,1
4715,6,14
4723,6,14
4726,6,15
4738,6,13
4740,6,6
4755,6,2
4760,6,6
4768,6,15
4828,6,3
4830,6,12
4832,6,9
4878,6,6
4881,6,12
4885,6,6
4887,6,6
4888,6,11
4890,6,15
4905,6,6
4917,6,14
4928,6,4
4945,6,12
4952,6,6
4966,6,6
4978,6,3
4986,6,2
4987,6,6
4999,6,3
5000,6,3
3,7,14
4,7,7
6,7,1
8,7,4
9,7,1
10,7,2
11,7,7
12,7,9
13,7,5
14,7,14
15,7,10
24,7,12
28,7,8
42,7,8
45,7,6
49,7,15
67,7,7
69,7,7
81,7,13
85,7,9
95,7,16
97,7,7
106,7,5
116,7,6
125,7,8
148,7,7
151,7,3
165,7,11
167,7,12
173,7,6
184,7,10
189,7,7
195,7,15
212,7,7
215,7,1
226,7,11
235,7,13
243,7,2
246,7,11
256,7,13
264,7,1
270,7,9
291,7,7
295,7,2
303,7,5
305,7,7
306,7,3
312,7,1
313,7,6
331,7,3
337,7,7
356,7,7
366,7,8
370,7,4
378,7,7
383,7,15
386,7,7
389,7,15
390,7,7
392,7,7
394,7,7
403,7,7
409,7,5
424,7,7
432,7,15
438,7,7
439,7,7
442,7,7
445,7,12
481,7,6
484,7,2
487,7,2
488,7,11
501,7,3
502,7,5
505,7,7
507,7,2
513,7,12
517,7,11
521,7,5
546,7,11
549,7,8
554,7,8
560,7,5
569,7,7
571,7,5
572,7,7
576,7,7
577,7,13
582,7,7
588,7,7
593,7,11
605,7,14
615,7,15
619,7,7
630,7,7
640,7,16
649,7,12
658,7,5
663,7,7
671,7,5
686,7,7
691,7,7
692,7,1
697,7,3
720,7,7
721,7,14
727,7,7
736,7,3
737,7,2
740,7,11
746,7,7
747,7,7
749,7,5
750,7,10
758,7,6
764,7,7
767,7,13
772,7,8
792,7,5
803,7,13
814,7,14
819,7,11
827,7,6
844,7,13
845,7,2
854,7,10
857,7,4
858,7,6
863,7,7
872,7,5
893,7,15
908,7,7
912,7,9
925,7,7
942,7,1
943,7,2
953,7,7
968,7,15
980,7,3
982,7,7
993,7,2
996,7,7
1006,7,7
1010,7,12
1045,7,5
1046,7,7
1054,7,6
1057,7,4
1063,7,14
1065,7,15
1080,7,7
1089,7,1
1091,7,5
1103,7,7
1110,7,8
1111,7,13
1124,7,7
1141,7,7
1144,7,1
1154,7,7
1176,7,7
1189,7,2
1190,7,7
1199,7,12
1216,7,6
1223,7,7
1226,7,5
1237,7,8
1244,7,7
1252,7,7
1260,7,3
1274,7,2
1277,7,15
1282,7,7
1284,7,3
1286,7,8
1297,7,4
1308,7,13
1332,7,7
1338,7,15
1339,7,13
1341,7,7
1361,7,4
1367,7,7
1376,7,6
1377,7,5
1387,7,14
1390,7,1
1391,7,1
1404,7,7
1422,7,14
1427,7,7
1433,7,5
1435,7,5
1436,7,12
1437,7,8
1443,7,14
1449,7,13
1493,7,3
1496,7,5
1501,7,14
1513,7,2
1523,7,13
1529,7,3
1535,7,3
1549,7,7
1552,7,14
1554,7,2
1555,7,10
1561,7,2
1570,7,10
1574,7,10
1580,7,9
1599,7,3
1609,7,5
1614,7,12
1616,7,10
1622,7,5
1625,7,7
1630,7,7
1632,7,5
1633,7,7
1636,7,7
1650,7,13
1663,7,7
1668,7,9
1674,7,3
1678,7,4
1688,7,1
1701,7,7
1710,7,8
1719,7,7
1721,7,4
1726,7,7
1730,7,2
1747,7,7
1748,7,7
1752,7,14
1763,7,1
1768,7,14
1771,7,2
1789,7,5
1795,7,14
1800,7,2
1804,7,13
1814,7,7
1826,7,7
1829,7,4
1831,7,9
1834,7,2
1838,7,10
1849,7,3
1851,7,8
1856,7,2
1865,7,4
1876,7,6
1878,7,6
1901,7,7
1904,7,12
1910,7,9
1921,7,10
1923,7,13
1928,7,15
1934,7,6
1944,7,7
1959,7,7
1978,7,8
1987,7,2
1988,7,15
1994,7,7
2004,7,9
2018,7,14
2030,7,7
2034,7,4
2036,7,7
2037,7,3
2045,7,7
2050,7,7
2053,7,7
2062,7,7
2073,7,8
2075,7,2
2084,7,7
2089,7,2
2099,7,6
2100,7,7
2107,7,8
2109,7,15
2110,7,14
2111,7,5
2115,7,13
2116,7,13
2153,7,7
2167,7,7
2177,7,7
2245,7,2
2275,7,5
2300,7,3
2321,7,6
2325,7,9
2363,7,7
2385,7,14
2400,7,7
2420,7,6
2453,7,7
2457,7,7
2491,7,7
2500,7,5
2502,7,10
2513,7,10
2519,7,1
2534,7,8
2535,7,8
2544,7,12
2558,7,7
2593,7,7
2597,7,7
2600,7,7
2607,7,13
2608,7,7
2609,7,7
2610,7,12
2626,7,6
2633,7,7
2638,7,7
2639,7,2
2645,7,10
2651,7,7
2656,7,15
2671,7,13
2687,7,5
2699,7,10
2704,7,3
2710,7,13
2713,7,7
2737,7,7
2741,7,1
2757,7,10
2779,7,12
2781,7,4
2783,7,11
2784,7,7
2792,7,9
2803,7,3
2808,7,14
2821,7,2
2822,7,7
2827,7,7
2845,7,8
2853,7,7
2892,7,15
2896,7,7
2898,7,5
2900,7,7
2902,7,14
2913,7,6
2923,7,7
2950,7,9
2959,7,12
2964,7,1
2970,7,6
2987,7,7
2994,7,6
3001,7,7
3002,7,7
3008,7,5
3028,7,7
3029,7,12
3042,7,14
3069,7,9
3071,7,7
3073,7,7
3074,7,11
3082,7,7
3090,7,11
3092,7,7
3105,7,7
3116,7,2
3118,7,12
3121,7,12
3143,7,12
3145,7,12
3147,7,3
3148,7,7
3149,7,7
3174,7,7
3178,7,3
3180,7,3
3196,7,7
3197,7,10
3207,7,7
3213,7,10
3219,7,1
3238,7,7
3239,7,7
3243,7,2
3246,7,3
3269,7,4
3275,7,7
3281,7,8
3289,7,15
3292,7,7
3293,7,6
3297,7,7
3302,7,13
3318,7,7
3321,7,8
3335,7,7
3356,7,7
3363,7,10
3381,7,7
3393,7,5
3439,7,11
3440,7,7
3443,7,7
3451,7,6
3454,7,7
3461,7,7
3474,7,7
3476,7,4
3489,7,12
3493,7,1
3498,7,7
3501,7,7
3510,7,6
3531,7,7
3532,7,7
3536,7,7
3543,7,5
3565,7,7
3567,7,6
3568,7,4
3584,7,12
3586,7,7
3601,7,4
3602,7,15
3619,7,1
3625,7,9
3631,7,9
3640,7,5
3651,7,2
3663,7,7
3665,7,5
3668,7,2
3670,7,1
3686,7,11
3694,7,14
3698,7,13
3700,7,5
3705,7,14
3726,7,2
3728,7,7
3754,7,7
3755,7,15
3761,7,5
3768,7,2
3769,7,14
3777,7,7
3794,7,13
3824,7,5
3835,7,7
3848,7,6
3854,7,5
3857,7,14
3869,7,7
3882,7,7
3901,7,15
3911,7,7
3914,7,7
3920,7,4
3922,7,6
3932,7,7
3935,7,10
3937,7,7
3940,7,2
3944,7,11
3948,7,14
3960,7,3
3967,7,13
3971,7,9
3985,7,7
3987,7,7
3990,7,7
4010,7,9
4011,7,3
4027,7,8
4044,7,7
4048,7,11
4052,7,1
4066,7,7
4071,7,15
4080,7,7
4096,7,8
4102,7,13
4103,7,10
4119,7,7
4126,7,12
4128,7,7
4136,7,12
4140,7,6
4143,7,7
4168,7,7
4174,7,7
4184,7,11
4188,7,8
4208,7,14
4214,7,1
4216,7,5
4217,7,12
4220,7,5
4226,7,4
4232,7,15
4258,7,7
4259,7,10
4262,7,10
4286,7,6
4296,7,7
4315,7,15
4329,7,2
4333,7,6
4354,7,7
4358,7,9
4366,7,3
4367,7,7
4413,7,12
4420,7,2
4443,7,6
4450,7,3
4455,7,4
4461,7,7
4488,7,9
4515,7,7
4535,7,7
4560,7,7
4562,7,14
4576,7,7
4579,7,3
4583,7,14
4589,7,2
4597,7,12
4605,7,10
4616,7,7
4628,7,11
4639,7,13
4651,7,15
4656,7,8
4657,7,6
4660,7,7
4677,7,10
4679,7,4
4683,7,7
4688,7,13
4696,7,8
4705,7,9
4715,7,4
4723,7,5
4726,7,11
4738,7,9
4745,7,7
4755,7,3
4757,7,7
4760,7,7
4765,7,14
4768,7,5
4781,7,7
4807,7,7
4828,7,15
4830,7,13
4832,7,3
4873,7,7
4881,7,14
4888,7,7
4890,7,5
4914,7,7
4917,7,1
4918,7,7
4920,7,7
4928,7,4
4945,7,3
4953,7,7
4966,7,7
4978,7,7
4987,7,8
4989,7,7
4999,7,4
5000,7,7
4,8,16
5,8,15
6,8,6
8,8,14
9,8,11
11,8,15
12,8,4
13,8,1
14,8,4
15,8,10
28,8,9
49,8,5
67,8,8
81,8,14
85,8,13
95,8,11
106,8,1
109,8,7
115,8,8
116,8,5
125,8,15
132,8,8
146,8,8
148,8,7
151,8,13
160,8,2
165,8,13
167,8,7
173,8,7
184,8,3
195,8,12
215,8,8
226,8,2
235,8,6
243,8,3
246,8,11
256,8,5
270,8,11
279,8,8
281,8,8
295,8,3
303,8,12
305,8,8
306,8,8
307,8,8
313,8,10
331,8,8
332,8,8
366,8,11
370,8,6
383,8,12
386,8,8
415,8,8
418,8,8
420,8,8
424,8,8
432,8,12
442,8,5
445,8,10
463,8,8
484,8,6
487,8,9
488,8,7
500,8,8
501,8,9
502,8,14
507,8,1
513,8,13
516,8,8
517,8,2
521,8,8
546,8,12
554,8,13
560,8,9
569,8,6
576,8,8
577,8,6
581,8,8
593,8,3
600,8,7
640,8,6
649,8,6
658,8,6
671,8,8
692,8,6
697,8,2
720,8,8
721,8,15
736,8,9
737,8,15
740,8,7
749,8,15
750,8,11
758,8,6
767,8,8
772,8,14
801,8,8
803,8,15
814,8,14
819,8,13
827,8,5
844,8,7
854,8,5
857,8,11
858,8,14
872,8,8
893,8,3
912,8,15
931,8,8
942,8,3
943,8,7
953,8,8
967,8,8
968,8,5
980,8,9
993,8,7
1010,8,15
1012,8,7
1054,8,6
1057,8,4
1063,8,14
1065,8,11
1089,8,2
1098,8,8
1103,8,8
1111,8,13
1119,8,8
1124,8,14
1144,8,11
1168,8,8
1178,8,8
1189,8,4
1190,8,10
1199,8,11
1204,8,8
1216,8,13
1226,8,3
1253,8,8
1258,8,8
1260,8,5
1264,8,8
1271,8,11
1274,8,14
1276,8,8
1280,8,8
1284,8,2
1286,8,9
1303,8,8
1308,8,3
1332,8,8
1338,8,15
1351,8,7
1361,8,7
1367,8,8
1376,8,6
1388,8,8
1390,8,8
1391,8,1
1399,8,8
1410,8,8
1422,8,8
1425,8,8
1431,8,8
1435,8,4
1436,8,7
1437,8,1
1443,8,9
1449,8,5
1481,8,8
1493,8,8
1501,8,6
1513,8,7
1529,8,15
1535,8,1
1548,8,8
1552,8,14
1554,8,2
1555,8,2
1561,8,4
1574,8,15
1580,8,14
1596,8,8
1599,8,5
1602,8,8
1609,8,3
1614,8,13
1616,8,3
1622,8,4
1625,8,8
1630,8,6
1632,8,5
1633,8,8
1636,8,9
1646,8,8
1650,8,11
1659,8,8
1663,8,14
1674,8,8
1678,8,3
1688,8,9
1710,8,12
1719,8,8
1763,8,6
1768,8,14
1771,8,3
1785,8,8
1789,8,10
1793,8,8
1795,8,11
1800,8,9
1804,8,14
1819,8,8
1829,8,10
1838,8,2
1849,8,10
1851,8,3
1856,8,9
1865,8,9
1876,8,1
1878,8,7
1901,8,8
1906,8,8
1910,8,15
1921,8,2
1923,8,5
1934,8,10
1943,8,8
1959,8,8
1978,8,4
1987,8,11
1988,8,13
1997,8,8
2004,8,5
2013,8,8
2016,8,8
2018,8,8
2027,8,12
2034,8,14
2045,8,12
2062,8,8
2073,8,15
2075,8,1
2081,8,8
2084,8,8
2089,8,1
2099,8,5
2107,8,5
2109,8,13
2110,8,6
2111,8,6
2115,8,5
2116,8,5
2189,8,8
2204,8,8
2235,8,8
2245,8,6
2275,8,2
2281,8,8
2291,8,8
2300,8,11
2361,8,8
2363,8,8
2420,8,3
2422,8,8
2456,8,8
2457,8,4
2461,8,8
2464,8,8
2491,8,8
2492,8,8
2500,8,14
2502,8,4
2513,8,12
2519,8,12
2534,8,8
2535,8,5
2542,8,8
2544,8,2
2558,8,8
2570,8,8
2593,8,12
2597,8,10
2608,8,12
2626,8,11
2639,8,5
2645,8,4
2656,8,7
2671,8,3
2674,8,8
2687,8,7
2699,8,10
2710,8,11
2741,8,12
2744,8,8
2748,8,8
2757,8,8
2777,8,8
2779,8,11
2781,8,4
2783,8,7
2792,8,14
2794,8,8
2800,8,8
2803,8,9
2808,8,15
2822,8,8
2835,8,8
2845,8,3
2853,8,8
2863,8,8
2892,8,12
2896,8,14
2898,8,3
2900,8,8
2902,8,8
2908,8,8
2913,8,4
2947,8,8
2950,8,4
2958,8,8
2959,8,15
2964,8,5
2965,8,8
2994,8,9
2996,8,9
3001,8,8
3008,8,12
3023,8,8
3029,8,3
3042,8,4
3056,8,8
3069,8,1
3074,8,12
3082,8,2
3090,8,12
3105,8,8
3116,8,10
3118,8,5
3119,8,8
3121,8,7
3128,8,8
3137,8,8
3143,8,15
3145,8,2
3147,8,5
3178,8,4
3180,8,8
3191,8,8
3197,8,2
3213,8,5
3219,8,7
3220,8,8
3234,8,8
3243,8,5
3246,8,13
3269,8,11
3274,8,6
3281,8,7
3289,8,15
3293,8,6
3302,8,14
3321,8,3
3363,8,9
3384,8,8
3393,8,14
3394,8,8
3439,8,7
3443,8,8
3461,8,8
3474,8,3
3476,8,1
3489,8,6
3493,8,10
3498,8,8
3543,8,9
3547,8,8
3567,8,6
3568,8,9
3584,8,12
3602,8,2
3619,8,15
3625,8,6
3631,8,4
3635,8,8
3636,8,8
3640,8,12
3651,8,8
3657,8,8
3665,8,5
3668,8,10
3670,8,5
3686,8,6
3694,8,11
3698,8,3
3705,8,5
3726,8,11
3754,8,12
3755,8,11
3761,8,9
3768,8,3
3769,8,1
3777,8,8
3794,8,12
3854,8,5
3857,8,6
3901,8,14
3911,8,11
3914,8,8
3920,8,13
3922,8,2
3925,8,8
3935,8,6
3937,8,8
3940,8,11
3944,8,5
3948,8,11
3960,8,13
3967,8,1
3971,8,1
3985,8,8
3991,8,8
4010,8,7
4027,8,14
4037,8,8
4044,8,8
4047,8,8
4048,8,1
4052,8,12
4071,8,4
4083,8,8
4088,8,8
4094,8,8
4096,8,8
4102,8,15
4126,8,11
4136,8,15
4140,8,2
4162,8,8
4167,8,8
4184,8,15
4188,8,7
4208,8,6
4214,8,12
4216,8,12
4220,8,8
4226,8,8
4232,8,2
4259,8,10
4262,8,5
4286,8,4
4302,8,8
4315,8,8
4329,8,10
4333,8,12
4354,8,8
4358,8,10
4366,8,2
4377,8,8
4379,8,8
4404,8,8
4413,8,10
4420,8,4
4421,8,8
4443,8,9
4455,8,12
4477,8,8
4488,8,2
4489,8,8
4515,8,8
4560,8,8
4562,8,9
4579,8,12
4583,8,1
4589,8,6
4592,8,8
4597,8,11
4602,8,8
4605,8,10
4612,8,8
4628,8,10
4639,8,14
4651,8,8
4656,8,9
4660,8,8
4677,8,1
4679,8,2
4684,8,8
4688,8,10
4691,8,8
4696,8,6
4705,8,6
4715,8,2
4723,8,10
4726,8,12
4755,8,9
4765,8,13
4767,8,8
4768,8,3
4828,8,6
4830,8,14
4832,8,8
4836,8,8
4870,8,8
4881,8,14
4888,8,15
4917,8,3
4918,8,8
4927,8,8
4928,8,11
4943,8,8
4945,8,12
4953,8,8
4960,8,8
4978,8,10
4986,8,4
4987,8,13
4989,8,8
4997,8,8
4999,8,1
5000,8,11
4,9,4
5,9,1
6,9,8
8,9,11
9,9,10
11,9,10
12,9,9
13,9,4
14,9,6
15,9,9
28,9,15
37,9,9
81,9,9
85,9,4
95,9,12
106,9,14
109,9,7
116,9,1
125,9,1
132,9,9
148,9,8
151,9,11
155,9,9
157,9,9
160,9,4
165,9,3
167,9,7
173,9,12
184,9,11
191,9,9
195,9,12
210,9,9
215,9,5
222,9,9
223,9,9
226,9,2
232,9,9
235,9,7
246,9,12
256,9,7
264,9,2
270,9,5
295,9,2
303,9,9
306,9,6
313,9,6
327,9,9
331,9,2
348,9,9
363,9,9
366,9,13
370,9,12
394,9,9
420,9,9
432,9,3
445,9,7
446,9,9
463,9,9
484,9,8
487,9,6
488,9,11
501,9,2
507,9,2
513,9,4
517,9,5
521,9,5
543,9,9
546,9,10
549,9,13
554,9,15
569,9,8
571,9,4
577,9,4
593,9,8
600,9,14
609,9,9
619,9,9
640,9,14
658,9,6
659,9,9
663,9,9
671,9,15
692,9,8
697,9,11
698,9,9
721,9,15
736,9,8
737,9,11
749,9,11
750,9,1
758,9,6
764,9,9
767,9,2
792,9,1
793,9,9
803,9,5
814,9,7
819,9,10
827,9,6
849,9,9
850,9,9
858,9,5
897,9,9
904,9,9
911,9,9
912,9,6
922,9,9
931,9,9
942,9,12
943,9,4
953,9,9
957,9,9
968,9,14
993,9,6
996,9,9
1010,9,12
1012,9,9
1054,9,5
1057,9,14
1063,9,9
1065,9,10
1089,9,7
1098,9,9
1111,9,5
1124,9,3
1132,9,9
1138,9,9
1141,9,9
1144,9,1
1168,9,9
1173,9,9
1178,9,9
1185,9,9
1189,9,4
1199,9,1
1204,9,9
1216,9,15
1226,9,6
1240,9,9
1264,9,9
1267,9,9
1270,9,9
1271,9,15
1274,9,12
1286,9,6
1297,9,1
1303,9,9
1306,9,9
1308,9,11
1347,9,9
1367,9,9
1387,9,14
1390,9,8
1391,9,4
1396,9,9
1399,9,9
1403,9,9
1422,9,2
1431,9,9
1436,9,4
1443,9,10
1459,9,9
1470,9,9
1503,9,9
1513,9,8
1529,9,4
1535,9,5
1548,9,9
1552,9,11
1555,9,5
1556,9,9
1561,9,14
1580,9,12
1586,9,9
1599,9,8
1609,9,4
1616,9,8
1622,9,6
1630,9,5
1632,9,13
1633,9,9
1636,9,10
1646,9,2
1650,9,1
1659,9,9
1663,9,15
1674,9,8
1678,9,3
1688,9,11
1710,9,7
1723,9,9
1726,9,9
1752,9,7
1763,9,8
1768,9,7
1771,9,5
1789,9,3
1795,9,15
1800,9,6
1804,9,4
1814,9,9
1831,9,8
1832,9,9
1836,9,9
1838,9,3
1848,9,9
1851,9,14
1856,9,9
1865,9,3
1876,9,10
1878,9,15
1910,9,7
1921,9,14
1923,9,1
1934,9,12
1943,9,9
1959,9,9
1978,9,14
1987,9,15
1988,9,1
1992,9,9
2004,9,2
2018,9,2
2020,9,9
2026,9,9
2032,9,9
2034,9,10
2036,9,9
2037,9,9
2045,9,8
2050,9,9
2073,9,10
2075,9,14
2089,9,1
2099,9,5
2107,9,10
2109,9,7
2110,9,4
2115,9,8
2137,9,9
2139,9,9
2164,9,9
2184,9,9
2208,9,9
2236,9,9
2245,9,2
2275,9,3
2300,9,10
2369,9,9
2397,9,9
2457,9,10
2464,9,9
2498,9,9
2500,9,8
2502,9,5
2516,9,9
2519,9,1
2534,9,3
2535,9,10
2544,9,4
2572,9,9
2587,9,9
2593,9,10
2597,9,2
2605,9,9
2608,9,5
2626,9,2
2638,9,5
2639,9,11
2644,9,9
2645,9,7
2651,9,9
2656,9,14
2671,9,14
2687,9,3
2699,9,1
2704,9,1
2710,9,9
2713,9,9
2715,9,9
2718,9,9
2741,9,4
2743,9,9
2757,9,11
2763,9,9
2765,9,9
2779,9,15
2781,9,12
2783,9,6
2792,9,4
2803,9,9
2808,9,9
2853,9,9
2854,9,9
2880,9,9
2888,9,9
2892,9,12
2896,9,7
2898,9,1
2902,9,3
2950,9,10
2953,9,9
2958,9,9
2959,9,14
2964,9,11
2991,9,9
2994,9,7
2996,9,11
3008,9,12
3009,9,9
3026,9,9
3029,9,14
3042,9,5
3054,9,9
3071,9,9
3074,9,14
3082,9,10
3085,9,9
3092,9,9
3108,9,9
3116,9,7
3118,9,15
3119,9,9
3121,9,9
3123,9,9
3128,9,9
3137,9,9
3143,9,5
3144,9,9
3145,9,5
3178,9,7
3180,9,10
3184,9,9
3191,9,9
3197,9,7
3213,9,5
3219,9,11
3220,9,9
3243,9,1
3250,9,9
3269,9,3
3274,9,5
3289,9,4
3293,9,2
3302,9,2
3321,9,11
3363,9,4
3372,9,9
3393,9,12
3394,9,9
3439,9,5
3461,9,9
3465,9,9
3474,9,8
3476,9,11
3489,9,2
3493,9,1
3498,9,9
3536,9,9
3543,9,7
3568,9,1
3602,9,8
3619,9,4
3625,9,14
3631,9,14
3636,9,9
3640,9,7
3650,9,9
3651,9,1
3665,9,4
3668,9,9
3670,9,13
3686,9,11
3694,9,5
3698,9,12
3705,9,8
3726,9,9
3738,9,9
3750,9,9
3754,9,4
3755,9,11
3756,9,9
3768,9,5
3769,9,3
3824,9,11
3840,9,9
3854,9,11
3857,9,3
3901,9,11
3911,9,6
3914,9,9
3920,9,2
3922,9,12
3935,9,3
3944,9,2
3948,9,3
3960,9,1
3967,9,10
3971,9,4
3977,9,9
3991,9,9
4027,9,7
4032,9,9
4047,9,9
4048,9,8
4052,9,12
4071,9,2
4087,9,9
4088,9,9
4096,9,14
4102,9,5
4103,9,11
4119,9,9
4126,9,11
4136,9,15
4140,9,8
4167,9,9
4168,9,9
4184,9,14
4186,9,9
4188,9,12
4208,9,4
4216,9,14
4220,9,8
4222,9,9
4232,9,2
4258,9,9
4259,9,9
4271,9,9
4286,9,10
4295,9,9
4296,9,9
4300,9,9
4315,9,12
4329,9,9
4333,9,6
4350,9,9
4358,9,9
4366,9,2
4404,9,9
4413,9,9
4420,9,2
4443,9,10
4455,9,7
4484,9,9
4488,9,1
4531,9,9
4544,9,9
4560,9,9
4562,9,11
4577,9,9
4579,9,4
4588,9,9
4589,9,2
4597,9,8
4605,9,14
4628,9,4
4639,9,6
4640,9,9
4651,9,8
4656,9,14
4657,9,5
4688,9,10
4696,9,4
4698,9,9
4705,9,9
4715,9,9
4723,9,7
4749,9,9
4755,9,4
4765,9,4
4766,9,9
4768,9,1
4776,9,9
4828,9,5
4881,9,6
4886,9,9
4888,9,4
4890,9,3
4917,9,3
4918,9,9
4924,9,9
4928,9,10
4945,9,7
4953,9,9
4966,9,9
4986,9,15
4987,9,14
4994,9,9
4999,9,12
5000,9,9
4,10,2
5,10,9
8,10,3
9,10,12
11,10,2
15,10,5
25,10,10
28,10,3
32,10,10
43,10,10
49,10,11
54,10,10
67,10,10
81,10,3
85,10,8
87,10,10
95,10,11
106,10,7
116,10,10
125,10,8
148,10,16
151,10,8
160,10,14
165,10,4
167,10,8
172,10,10
173,10,3
184,10,13
195,10,9
226,10,2
235,10,5
241,10,10
246,10,10
247,10,10
270,10,6
281,10,10
290,10,10
303,10,8
306,10,10
313,10,13
331,10,10
354,10,10
366,10,1
370,10,13
386,10,10
418,10,10
433,10,10
434,10,10
487,10,13
489,10,10
500,10,10
501,10,8
507,10,11
513,10,9
517,10,16
521,10,11
530,10,10
546,10,15
549,10,3
554,10,9
562,10,10
569,10,5
581,10,10
588,10,10
593,10,5
594,10,10
600,10,14
619,10,10
640,10,14
658,10,9
671,10,2
686,10,10
692,10,13
694,10,10
697,10,7
720,10,10
721,10,5
722,10,10
736,10,12
749,10,8
750,10,15
758,10,6
767,10,15
779,10,10
785,10,10
792,10,11
793,10,10
803,10,2
814,10,11
827,10,2
844,10,2
857,10,10
858,10,14
863,10,10
884,10,10
912,10,6
916,10,10
925,10,10
927,10,10
929,10,10
942,10,3
943,10,6
967,10,10
968,10,6
993,10,8
1010,10,10
1012,10,10
1054,10,10
1057,10,5
1063,10,4
1065,10,14
1085,10,10
1089,10,3
1103,10,10
1108,10,10
1111,10,13
1124,10,2
1143,10,10
1144,10,9
1162,10,10
1189,10,12
1199,10,14
1215,10,10
1226,10,14
1260,10,11
1271,10,15
1274,10,13
1286,10,15
1297,10,13
1308,10,7
1319,10,10
1320,10,10
1338,10,13
1367,10,10
1373,10,10
1387,10,12
1390,10,6
1391,10,7
1403,10,10
1431,10,10
1435,10,11
1436,10,9
1443,10,6
1501,10,1
1512,10,10
1513,10,3
1529,10,9
1535,10,5
1552,10,4
1555,10,10
1560,10,10
1561,10,11
1580,10,1
1599,10,14
1609,10,5
1616,10,5
1622,10,10
1625,10,10
1630,10,11
1632,10,15
1650,10,14
1663,10,6
1688,10,3
1689,10,10
1723,10,10
1752,10,12
1768,10,8
1769,10,10
1770,10,10
1771,10,10
1789,10,5
1795,10,1
1800,10,3
1804,10,15
1838,10,15
1851,10,8
1854,10,10
1858,10,10
1876,10,3
1878,10,3
1910,10,6
1944,10,10
1959,10,10
1965,10,10
1978,10,4
1988,10,8
1994,10,10
2004,10,2
2018,10,5
2034,10,1
2045,10,1
2050,10,10
2073,10,10
2075,10,1
2089,10,4
2099,10,12
2109,10,14
2110,10,12
2115,10,3
2133,10,10
2138,10,10
2153,10,10
2245,10,6
2281,10,10
2291,10,10
2300,10,12
2309,10,10
2336,10,10
2396,10,10
2433,10,10
2457,10,10
2458,10,10
2464,10,10
2466,10,10
2498,10,10
2500,10,9
2502,10,12
2519,10,6
2535,10,9
2544,10,5
2550,10,10
2593,10,1
2597,10,6
2600,10,10
2608,10,9
2626,10,9
2639,10,12
2641,10,10
2656,10,4
2673,10,10
2687,10,1
2699,10,12
2704,10,1
2710,10,5
2715,10,10
2741,10,9
2757,10,1
2774,10,10
2779,10,12
2781,10,9
2783,10,7
2803,10,9
2808,10,3
2863,10,10
2890,10,10
2898,10,5
2902,10,2
2950,10,9
2959,10,5
2964,10,4
2987,10,10
2994,10,12
2996,10,12
3001,10,10
3003,10,10
3008,10,6
3023,10,10
3029,10,2
3042,10,12
3061,10,10
3071,10,10
3074,10,8
3079,10,10
3091,10,10
3092,10,10
3105,10,10
3116,10,10
3118,10,2
3119,10,10
3121,10,9
3137,10,10
3145,10,9
3149,10,10
3164,10,10
3178,10,15
3180,10,10
3197,10,3
3219,10,7
3234,10,10
3243,10,15
3274,10,8
3275,10,10
3289,10,2
3292,10,10
3293,10,7
3303,10,10
3304,10,10
3321,10,4
3333,10,10
3363,10,4
3393,10,3
3443,10,10
3474,10,12
3476,10,9
3493,10,6
3501,10,10
3531,10,10
3532,10,10
3536,10,10
3543,10,1
3565,10,10
3568,10,15
3584,10,7
3602,10,7
3619,10,9
3625,10,7
3631,10,5
3636,10,10
3640,10,13
3651,10,9
3654,10,10
3668,10,14
3670,10,14
3686,10,7
3694,10,4
3698,10,12
3705,10,12
3726,10,12
3730,10,10
3754,10,5
3755,10,12
3761,10,11
3762,10,10
3768,10,2
3769,10,1
3804,10,10
3806,10,10
3824,10,5
3832,10,10
3854,10,15
3857,10,15
3890,10,10
3901,10,8
3911,10,4
3922,10,3
3935,10,8
3937,10,10
3944,10,12
3948,10,4
3960,10,14
3967,10,1
3987,10,10
4027,10,6
4031,10,10
4038,10,10
4052,10,6
4071,10,14
4088,10,10
4096,10,1
4102,10,12
4103,10,1
4119,10,10
4126,10,6
4136,10,4
4143,10,10
4146,10,10
4167,10,10
4184,10,3
4188,10,10
4194,10,10
4200,10,10
4208,10,14
4216,10,1
4220,10,8
4232,10,1
4258,10,1
4259,10,4
4286,10,10
4296,10,10
4300,10,10
4315,10,14
4329,10,14
4333,10,15
4345,10,10
4354,10,10
4358,10,10
4366,10,1
4377,10,10
4387,10,10
4413,10,9
4420,10,11
4443,10,12
4455,10,14
4461,10,10
4477,10,10
4488,10,10
4558,10,10
4560,10,10
4579,10,1
4589,10,12
4596,10,10
4597,10,14
4599,10,10
4605,10,11
4609,10,10
4612,10,10
4628,10,2
4639,10,2
4657,10,1
4660,10,10
4688,10,7
4691,10,10
4692,10,10
4696,10,15
4705,10,12
4715,10,4
4755,10,8
4765,10,14
4768,10,13
4778,10,10
4809,10,10
4811,10,10
4828,10,9
4836,10,10
4856,10,10
4869,10,10
4881,10,4
4888,10,10
4890,10,6
4917,10,5
4928,10,13
4931,10,10
4945,10,2
4986,10,15
4987,10,11
5000,10,12
