product_id,user_id
4422,4561
3956,3925
1735,4662
4610,4630
3940,4266
2410,345
1912,2075
4747,4654
4386,4173
1479,4360
2127,4083
3903,1030
1255,248
2593,1856
416,2814
339,4165
3406,1077
1821,1516
3077,2942
1626,3997
3758,1845
690,4705
2736,2666
47,4672
4614,4854
3472,3716
2016,4443
3529,244
189,684
3691,1271
1660,184
4052,4787
398,2861
4299,4337
1388,4805
741,3876
1911,416
4366,934
420,2183
2350,4242
2866,3098
3853,3158
51,372
3055,2508
348,4187
3378,2065
688,4913
1629,2302
3351,3401
3953,1548
3734,3998
650,3883
658,639
303,2290
1260,4321
403,332
4318,900
309,2095
2216,697
428,3818
37,1914
673,3712
5003,4482
4749,719
1010,458
2551,3104
1830,2936
1372,3345
3478,1054
1977,804
1980,3933
3404,4680
2991,1682
1209,4721
4674,3673
905,2275
2659,3664
2633,1636
3349,3169
4540,3665
403,1461
4221,4870
435,4300
854,754
1708,1636
1629,963
2314,4546
1835,2219
4970,1761
4487,4821
2331,2999
287,1341
178,1313
3227,1322
2991,1696
4409,1757
4591,3695
3215,2386
4453,1489
2030,3584
3742,2278
1363,3231
2823,1043
120,1316
65,826
1698,473
41,1875
274,2053
3872,2252
4367,275
2616,3470
646,96
3976,2481
3865,446
2594,4442
4389,1662
4218,2393
4350,916
2198,1184
506,1930
3834,2327
4453,4982
4842,3286
2140,2743
2195,3160
2530,3470
2665,1232
3673,4222
2589,1962
1883,2098
3147,1984
4331,3351
1028,860
2871,1319
4458,4371
1381,4496
1022,510
439,1035
4043,1338
1381,3140
2566,4540
2284,508
98,2973
3790,755
4925,2628
1926,4215
4662,2330
1793,4813
2316,1790
4011,1970
628,2424
911,35
2003,3097
3174,3609
2084,3660
456,4297
1322,385
1292,15
3348,4594
61,4332
3349,4938
335,1325
4419,3796
3781,3462
3632,2872
1120,3428
740,3431
4133,3517
931,1457
2606,1415
720,3596
3914,1675
2992,2353
1236,4196
4233,259
4371,4624
1657,3848
3361,3112
4587,4508
172,1672
3399,2652
642,2505
3335,2875
1301,1377
108,4024
1710,617
2642,3629
4622,1542
3879,4239
2127,3985
3086,354
2234,621
4306,4394
1461,1539
3432,3387
423,2215
2465,3849
2715,1533
4810,1593
1430,3279
1323,4724
2503,587
949,3622
3531,66
2793,2966
1826,3904
4462,1898
2364,2297
3514,3457
300,2996
1200,2742
2865,449
1734,2445
4827,944
3614,4357
2751,2663
2577,3719
4225,4180
3796,857
4249,4957
4448,546
3030,3919
764,1984
2193,3305
4058,4162
916,2823
2209,1636
3878,2793
3352,3961
2981,2981
3626,3579
3623,1035
3999,3270
1721,2125
773,3739
3469,2203
464,4645
4604,671
2353,798
947,4147
496,324
3570,2282
49,1048
2740,586
1509,3404
1165,1108
1341,3338
956,4853
4671,4582
2874,3613
4669,1421
4325,117
4127,3227
104,477
3505,1894
1361,3195
4533,2135
3347,84
2341,1602
932,1194
4319,1580
3505,93
3399,1783
963,1479
245,4169
1604,202
3207,4098
1538,4257
860,1465
572,4860
4683,1404
4993,3859
3053,804
4485,312
3539,2661
3312,3530
2413,4652
1946,2240
4887,4065
3333,3230
2976,1832
535,1081
2436,4766
2142,1455
2828,2668
1439,2467
4617,2120
514,1448
4548,517
1812,2949
2584,4643
4186,1688
637,2856
4272,2014
3301,3922
1960,1947
2290,1532
1132,1234
2210,1646
149,3885
114,4517
2751,2826
4572,3394
1014,2142
2384,3390
2137,2773
1747,112
2698,1671
1513,3634
3708,1733
1331,1942
839,505
3226,2844
4316,947
1536,4278
910,2658
4090,2689
2081,4338
2791,1921
2690,910
630,4824
4636,3738
3249,1219
2374,389
1943,4078
2665,1568
1048,1533
2531,3442
4425,702
2635,3781
1779,4792
4552,3702
3948,1879
2146,939
1412,334
3400,73
2762,771
4506,175
968,4719
3053,4825
4201,3665
3725,3307
1000,4975
1263,4528
4581,4276
1255,2643
2656,3719
1610,3829
2075,4422
1964,2752
1108,2815
5,489
2470,1700
796,989
2655,2029
2787,1578
3825,2166
2699,2234
959,851
822,4049
954,3563
3562,3177
4143,934
1803,451
493,844
3150,2178
3169,3019
3647,4671
363,3534
564,1822
1941,2481
1017,752
1863,3720
4217,3753
4504,4780
2791,1631
2804,179
2062,2585
4307,4718
1875,3011
3814,4990
2824,622
31,3474
2729,1324
3034,4481
1130,2202
1798,3976
2793,4019
3949,831
2724,1568
2760,2934
1729,2306
2714,4458
4786,2017
1720,1918
3668,3603
2336,2725
1425,4636
3606,3630
2057,2730
2892,3766
1698,957
576,1144
565,3035
4074,155
487,2246
3201,276
346,1610
3941,2482
2482,734
3864,1861
1388,3138
2433,816
3527,4708
862,1901
2699,336
3027,1775
204,2655
2537,346
1246,1149
3723,1270
3603,1712
482,3020
588,2026
4335,1399
2523,4736
3023,4091
2750,124
939,2090
647,1954
1353,3737
2056,3876
1913,1666
717,4591
1544,4030
2295,1397
2810,4880
3822,2537
4982,3181
1777,4484
4851,713
1259,3462
2889,1836
1738,1112
735,4539
3708,322
3181,1477
1693,3263
180,1482
1671,763
616,4305
1636,1982
3475,982
329,3400
3095,4282
1268,974
3982,2441
1302,247
3158,204
2978,604
4160,3282
762,1653
3255,157
2655,105
2548,44
1717,4016
3530,1631
2423,335
1440,4587
1637,2139
160,987
5004,435
2490,4882
4571,832
2157,2800
3508,569
2221,3601
2506,2317
2579,1622
4033,883
1583,1236
4986,4185
4680,3457
1132,3745
4808,2793
2448,4609
1432,1580
1733,2297
1693,3930
1755,987
550,2348
2661,1410
282,380
2222,607
1566,2780
293,74
4757,1285
1013,2211
3542,2169
1252,4740
125,3816
1089,509
1877,3067
3748,4448
2509,3338
2987,3055
1503,3862
2690,3793
761,2016
2026,4706
1136,1825
4407,1640
2249,3766
888,3839
1592,4219
606,1834
3685,615
1068,2153
219,3208
1183,959
1986,3597
1377,1786
1150,4927
14,4766
2319,3030
4612,1960
1892,2646
2317,824
3490,1022
2019,919
1503,3973
245,2718
1824,4683
4829,1662
1820,4204
4338,2779
147,4969
3824,2338
129,2703
4915,1570
1291,3146
2908,3749
967,890
3699,230
4418,3954
3788,280
2770,1720
3682,4118
1025,4293
4662,3926
3358,1068
1397,4050
2363,4359
3204,4879
3944,4113
977,2154
3200,4241
1199,3958
946,4870
1095,4100
2536,491
346,4247
196,1513
4694,539
2723,929
21,1220
1844,2306
1148,836
4236,3145
3675,3875
642,4004
1963,1081
2219,2205
3481,1094
1497,3020
4583,1781
2652,4021
4959,2680
263,1893
1980,3953
4278,1674
2632,2731
2055,793
4441,1029
1854,3984
1240,1243
209,1768
4609,2441
2791,1361
529,38
2165,1776
373,1767
4687,833
2032,3191
4481,4862
972,4901
2513,3948
429,3750
505,1791
1148,1793
1898,103
3172,2977
4698,472
3210,3552
1671,3304
1758,812
3566,3385
1350,465
1109,448
2789,3094
1686,177
4235,2668
1510,2413
2357,1213
1373,3273
1275,3439
1531,2226
4214,1142
2154,1502
4933,4879
2555,1118
2949,4633
1395,1764
2999,1674
398,371
854,2444
2260,321
4359,3342
4188,657
1298,1846
4459,4359
1026,4206
4537,3920
1719,4268
794,2053
4818,2425
2813,4972
3620,1236
177,2296
3455,996
688,3487
2803,1551
293,2093
2104,242
1966,1117
4193,1487
3122,3345
1901,688
2459,1250
3614,76
1925,3320
4527,3421
4809,2010
695,1550
453,1142
4766,3141
4308,648
1834,4272
40,4880
1464,3055
3744,1936
2288,1348
4784,3802
157,1235
4038,3070
1367,860
80,4846
4780,3252
4491,1923
1392,2391
3166,3948
687,4089
4266,1525
4957,2551
3443,1330
2195,4731
4240,3889
374,4098
570,4043
1643,3201
196,2421
4064,1497
4498,4755
2179,1632
2155,2395
594,3693
4073,2144
2107,1529
87,1289
907,2236
1309,4108
2612,1714
1292,2621
1519,544
842,682
1713,3145
4383,2504
4783,884
4224,829
3672,4680
2188,2847
3156,3302
2401,374
1254,3940
3882,3202
95,2087
2808,3291
3163,4796
2610,973
3510,2231
2848,635
429,2643
4890,4030
2240,3020
3615,4090
2165,730
775,4773
3711,1941
4790,3465
1279,4151
820,299
2765,4450
4436,3947
363,3887
846,4670
1397,2025
1569,3271
2273,2500
4467,2896
1354,4949
690,4512
3094,2800
1974,1752
2843,4489
21,3438
4526,2133
4506,3502
3773,518
1009,1294
4778,1433
3991,552
471,1154
3592,3300
3940,1821
4185,2771
3067,3989
889,3527
2951,282
4988,3756
4722,4675
3600,2425
1347,4464
3144,1533
1057,1826
1574,4560
4444,2491
4562,4658
4671,3123
538,4997
4471,336
4989,144
3246,4092
1833,2667
3653,1277
4193,1319
3506,1844
1420,3265
352,1138
665,375
4342,3322
3292,4572
388,3505
2849,2967
1383,792
744,3653
1981,233
3818,1352
3041,2755
450,2080
4828,4138
868,1487
59,4752
2522,3222
4409,3525
1400,3295
3902,30
278,4301
2298,295
4268,3292
3528,2672
294,1711
1453,2480
2273,3127
1120,3909
1401,2617
603,968
180,1649
4828,3925
3872,4886
2912,3109
2388,1668
4853,4019
3326,4776
2182,3944
4136,335
944,3506
3962,4426
3923,4135
4356,3053
875,3917
2868,2389
764,100
2321,4039
2932,2332
2629,579
2552,627
2640,1135
864,2210
4783,2188
1913,4675
2497,4824
2975,2207
4537,4241
2994,1331
774,368
3494,3077
4257,279
1188,3925
2962,2892
1155,741
4018,1189
4328,4387
1223,4343
3451,1596
3940,2442
4840,1381
4464,1929
2343,2533
4536,4120
3790,3138
1001,2159
3165,4566
4574,107
1295,2836
4267,4753
4546,3044
1559,267
1363,3608
3925,85
1871,2987
3375,4250
4746,1900
2692,1642
4550,1831
2969,580
2831,608
3198,4089
4787,4911
4124,3027
11,3755
3665,611
4923,443
932,4736
4814,1230
2178,2222
1553,3007
1607,2047
699,3177
3682,4928
2100,2363
2375,1426
1026,4889
238,4689
1250,560
2936,2429
2717,895
1515,1339
3503,3170
1525,98
3142,3402
4107,1693
557,3624
4239,2242
4478,3988
2949,4608
1088,2590
3341,4473
4632,4640
1183,450
1983,4518
3516,1097
2666,1767
3909,2687
4503,1851
2233,1169
4874,2478
4734,597
4588,3896
3640,4029
1686,2900
3831,1834
508,3873
3328,2910
92,2300
1692,1919
3003,2518
1976,3708
4186,3080
694,3678
3987,4459
3623,2459
4738,1452
4353,659
1653,493
2134,3058
4647,4292
1939,3447
3808,4103
165,4618
1648,109
3588,4521
2610,2620
4191,792
1760,2615
4745,333
2378,3215
1365,2823
441,2907
3334,814
834,3297
652,531
3135,4032
1857,1372
4791,1980
2486,129
2755,2492
2843,4840
3188,3643
2779,940
249,437
2193,831
2073,366
4327,1725
3525,4022
4420,3071
760,1409
515,4640
1442,2844
1162,1567
1304,96
2657,3103
268,4718
3194,4121
312,583
3722,3538
2578,2307
61,4693
3907,4054
2605,935
281,4773
4808,4961
2069,4014
2318,1144
4566,2400
2944,677
3881,4443
3400,2700
4083,4355
1295,3337
4668,2785
4195,4907
594,4157
2056,1302
1508,3384
4501,2021
1030,2260
4402,2435
1580,325
1724,3059
27,3932
1455,3893
3317,4078
2188,3473
4388,4477
2412,362
3653,229
2808,1120
2657,958
733,2302
2118,4667
3301,160
2594,2215
2068,2258
1922,2399
2724,3567
2276,888
1898,3766
4699,884
462,3142
2525,1453
4052,3951
739,1971
3715,2660
4863,218
1279,3095
1055,4371
1519,28
873,3551
150,1131
596,4476
2023,2288
4786,4192
4996,3242
973,4845
165,3105
2459,339
1476,4536
3921,1702
4103,924
872,4166
765,2962
4784,1873
2184,2932
192,1727
3281,2297
1007,4799
1848,2356
1,4934
903,2796
3478,4425
1589,3648
3373,70
4595,227
956,1890
3870,1559
4060,4019
3418,1714
1581,2686
2601,2817
3015,72
4336,221
3018,1388
780,4314
4283,3036
1344,2306
1272,3758
1442,2979
4999,4918
4490,2312
2004,1603
268,1976
1990,1599
930,4286
4176,1578
4849,378
4885,1205
1802,4655
3791,1545
4331,43
3641,4430
4322,4671
2290,3231
1000,1565
2011,4725
879,56
4461,444
2824,4142
4820,4233
335,901
2409,4724
3940,4651
2308,901
2406,1763
684,4088
3821,4371
427,828
3047,1731
2283,844
1869,4173
2851,3428
3639,2827
4039,2011
2012,2738
2919,4710
4546,3776
1754,3616
4837,2522
133,3933
2874,4533
144,1669
1480,4054
1749,2070
4183,422
763,830
4908,705
3336,4146
4733,4220
1152,4940
2879,912
4729,4349
4115,486
4822,516
466,2620
3135,4063
3702,544
3758,2756
2615,3751
3138,1600
4573,4747
2718,1870
3003,3127
2937,2234
341,133
1387,2697
2199,357
3180,2258
1255,3112
1893,1350
4558,4811
1327,1120
1107,1237
4352,3715
3289,3600
4713,1865
1411,4831
2323,105
676,4152
150,960
614,446
1614,1147
1517,2336
2422,4440
2494,1850
1108,1896
2558,322
486,2750
3312,1022
3910,3817
2383,153
2919,3228
4767,1675
1666,2038
1475,2676
3365,4029
4797,2921
302,185
476,2289
1720,1741
4226,4975
4033,3442
4044,3681
3400,4527
4160,3431
2708,4713
900,2829
2337,2133
448,822
1280,1244
4701,1913
3317,2248
4384,2761
1883,3158
3326,4891
1190,4600
3377,2631
3804,3022
668,597
2424,402
4113,1319
2461,1448
226,3165
2761,2629
4446,4666
1471,3254
4675,3843
4293,3826
812,1327
3856,631
4583,1321
3119,4552
2570,1792
1519,2831
4283,4312
834,56
1096,1825
3228,1668
1516,4653
4996,2849
3483,4848
2093,1122
3779,3673
1682,941
3626,1332
708,2262
4999,352
4840,3373
1481,4905
2294,4795
3440,4368
4921,3944
625,1170
4347,4566
1194,2525
4983,3370
1542,110
4158,2714
3860,2838
1903,888
4018,920
3133,2578
536,853
3348,3771
2944,1619
2973,1009
2453,884
4726,560
3008,1789
2159,3440
370,2697
677,1586
2420,3008
2792,4228
2414,2270
3928,3879
1980,3210
4865,3886
2984,2061
1563,3457
3298,3942
553,1288
2892,4929
4460,4181
3956,2299
4332,4332
2424,3593
4926,4649
1607,3351
3226,4482
193,348
4986,563
3466,2540
767,3794
601,3863
3618,1505
4457,1737
2968,2191
4829,574
2060,438
2726,3309
1720,630
3363,1279
3780,3607
1139,2481
1412,4694
1601,1213
943,4618
2852,4415
2019,4581
1020,3170
3256,398
4174,711
3736,4404
1482,4732
991,3061
2436,368
764,3845
4092,3181
1782,4714
972,382
2285,2137
2149,3979
3553,609
1588,104
2899,4409
2838,2609
775,2852
2145,2949
4829,4042
1728,3856
3011,3053
4891,461
4484,653
2756,817
3364,4895
4284,4890
1612,1116
1037,1670
3714,2758
1869,1300
599,4638
646,1066
412,1532
2989,1045
3371,1398
4953,448
3216,946
1785,4937
1157,3073
4272,1548
3052,3969
1373,4985
1407,3142
4547,2422
3352,690
1979,3973
2634,2470
1296,4779
548,4515
4375,1831
3037,4750
1739,304
1283,2474
585,736
2601,2288
1276,1997
4684,3682
4236,429
674,4202
1352,1762
834,3133
4846,744
3205,4720
3640,3289
2532,1420
4332,4049
1079,3390
398,3099
3484,2780
4242,1828
933,4414
4617,3723
2897,1854
328,1756
1742,2296
2729,2593
4636,904
4544,3814
3594,4104
923,3462
982,3766
587,1907
3702,4963
2097,1875
1088,2715
4168,213
2128,355
4951,4745
4904,3310
3413,2242
2084,348
1437,3231
3202,2527
1754,3945
1393,2786
1780,3800
556,2883
3574,4743
1656,4826
4179,1832
4763,4820
580,4619
3324,327
4714,487
3133,4638
3404,259
3127,2037
2602,3083
516,4381
3567,4647
531,1439
2137,3452
3202,760
2869,675
2457,4134
3500,3149
3193,739
2468,4189
3496,3541
3141,2364
3972,3800
2806,867
1178,959
1539,4250
4819,3356
4736,4902
1366,4406
3317,3948
3714,4463
4004,3918
4234,4579
227,192
3382,2673
4836,2138
328,3304
4819,4195
3860,1383
3573,4936
2711,4845
3666,824
2529,2545
4417,3408
1883,4397
110,2151
2982,4912
557,2990
4409,2539
765,1451
4299,4464
1156,3520
239,189
4566,770
289,1981
2293,1153
1726,3725
429,4874
4670,4835
2962,1191
3809,2888
4582,3525
4907,572
2826,4539
2681,4136
2508,2883
2805,3108
532,1746
2446,4395
4022,763
1019,1624
3260,3064
1012,4717
2438,3692
1297,2611
3863,3962
1702,3230
532,2557
2271,640
4163,1544
1133,912
120,1360
2187,2466
4610,2909
4817,3041
1937,215
1059,4416
2898,248
1427,3735
4873,490
3226,3409
2818,2326
2502,475
1965,213
1838,4403
3405,2117
3854,1868
3232,2533
455,4439
3477,1931
1155,4051
3818,129
4573,1572
734,176
1836,4547
2073,342
2846,3089
3153,4925
1564,587
302,2840
3280,1440
3064,699
1772,3026
4891,4333
3350,537
3367,2784
1683,1092
555,212
3561,2511
1591,446
3672,4784
4003,362
4575,3902
496,2273
1861,713
3107,878
2881,3658
4535,2355
4832,1055
4663,3938
4627,4129
2896,3227
866,2549
986,748
2183,4762
2192,4243
604,3694
2655,3390
2127,1218
2692,3182
1031,748
951,3295
3011,3563
600,2296
4955,1213
747,2912
2176,4515
2828,723
4694,4304
1814,2586
4691,1000
4173,555
4964,4823
3617,1299
2653,4431
4454,1918
2290,3951
1252,321
2393,3655
3316,1064
1310,2480
1680,2193
1,2011
2521,791
2801,281
1333,4144
2597,2670
3593,4046
1791,3207
241,1274
1407,3523
3990,4467
1812,4693
501,2499
3072,189
3020,637
530,4910
1065,2825
4141,4130
1133,2009
85,94
4307,2022
3625,3062
4978,1210
4999,122
3518,1930
52,2080
1046,2068
4611,4392
4652,1251
3935,347
1974,3645
2502,239
4508,3504
476,4223
3299,1407
1939,1155
1288,4193
1738,3873
3675,252
315,4037
3030,1482
4838,2659
322,4858
876,1159
334,2725
551,869
2015,2868
1958,2213
1299,3688
1238,4510
1573,899
1340,1365
2554,4401
1278,4444
2336,3836
2419,3815
2902,2044
3504,3281
3558,1312
2814,1779
4475,4767
3913,2354
336,4207
2608,3097
4382,1680
570,1699
3831,3085
143,2491
1594,1218
3809,2359
4882,4256
3462,3862
604,2144
3905,4992
2266,1410
506,3179
4696,4830
1241,4114
1318,225
778,2162
2952,3224
1763,4491
168,3147
3643,980
880,2442
27,4161
1858,3413
1754,499
2282,3032
2252,4039
4040,1845
612,496
1650,4672
262,902
2721,3682
1900,2360
3527,3689
4845,1712
2204,4524
3656,2385
2319,3793
3244,1156
3853,3351
4546,488
2853,920
3473,1683
612,3132
722,4512
4200,1785
3579,3655
2209,76
3370,1628
4888,610
3631,2709
4126,4211
4084,3682
2614,740
4909,171
876,596
2011,3170
1422,762
4407,4413
430,1639
2714,1391
4900,3651
2505,2709
2093,1135
2982,2720
4178,3874
825,3023
3377,4072
4426,4297
1180,3739
2139,1236
3970,3345
648,2187
1712,892
2156,3469
3514,1513
3194,3599
1520,4564
1548,480
2443,216
889,2102
1454,2212
651,1393
4132,3213
2461,2345
672,2534
790,2444
2423,1242
3840,1993
3149,1970
743,3958
912,3015
4012,2581
3287,762
3098,4299
2837,989
920,291
83,423
1511,4556
70,3755
2295,2985
3454,2858
911,692
596,3792
674,3409
3275,2924
1065,1296
2678,3454
4146,4765
2701,1906
3451,280
1857,337
3798,543
3108,4730
3890,946
1065,1547
4990,2805
1577,2533
4561,2441
1386,188
1507,1570
3766,3669
4799,4881
4206,4444
4951,1998
2796,425
3874,4927
2939,4115
3798,2061
2985,726
155,4922
578,3427
1915,3714
1572,3076
3370,2585
2914,2725
2859,2743
2215,4084
650,1873
2591,800
3909,502
2757,2916
631,3528
2160,2663
4952,123
4028,2286
1129,1057
186,148
2467,267
3176,226
1719,820
3887,4572
1778,4930
2982,904
3707,2016
490,2238
4646,3625
3440,2629
4519,1882
883,1962
2504,1547
4477,1802
3719,2635
2593,1932
2704,987
1592,161
484,1716
4910,1797
2203,4530
2242,4046
3061,4323
4528,3038
154,3369
4705,687
2971,4664
3753,693
4147,457
3167,400
382,565
885,3499
1578,883
365,2011
4106,1138
3943,2533
523,2124
4010,305
3646,4205
2520,282
4013,4575
2678,2429
4131,3938
2416,1351
1802,4578
3168,748
1528,690
3312,3971
3341,1304
1949,4807
310,239
1517,2485
2422,4838
1807,4620
1388,3303
4866,1808
998,3228
2216,3188
1075,3048
2297,1920
2214,1382
1585,518
4293,4673
297,1195
843,4898
3766,4610
2371,2946
3413,1632
1359,2784
2250,2131
3765,1705
1578,3581
4136,1026
3778,211
4103,3063
2016,1038
586,3812
4334,2285
963,861
2352,838
2604,2061
1475,840
845,1401
4811,3696
4514,1968
2071,3265
1762,3005
14,1285
4657,329
61,694
1974,580
2325,3794
1609,290
4125,2192
4787,1168
1434,1703
1117,4852
2186,4957
494,3038
2098,999
1173,763
3520,3892
3408,4322
1494,3269
528,3561
3601,3521
4920,2395
1271,2308
185,1584
1263,1903
1897,347
4549,2503
1934,1406
3915,3523
3871,764
4270,2837
778,2512
2449,2331
4638,436
3303,4396
3924,4825
1298,3324
473,4758
3057,2216
212,1863
2559,4787
4683,3053
1665,1248
186,2798
4448,1547
947,3987
4321,1775
4703,3173
2549,1344
3750,2318
1413,4753
63,4195
3852,2717
1674,2839
4576,4727
458,2157
790,274
3130,3955
3633,80
3381,2493
2728,4248
4219,769
1057,2386
2399,1966
4175,4634
3185,277
4851,3332
4090,4079
4322,4913
1230,990
1411,3415
3711,1579
2355,2212
4993,2626
2984,4984
4540,3541
1828,1614
676,1867
2203,1829
3887,1021
2390,2658
3003,1139
2913,4974
2719,852
1492,3642
2758,4642
1631,3269
1249,2909
4641,1124
2389,1633
3543,2754
386,2447
914,4290
3775,2662
147,4979
3665,4295
4492,688
1090,1058
1392,4294
4760,4165
4974,694
4175,1966
3614,3731
2511,4323
4051,818
3650,3329
3793,2846
3644,1186
1853,1065
1607,2291
796,3783
2373,2017
1889,3742
2069,1287
2091,2957
3632,4410
822,2221
2001,1327
1697,980
4532,367
2184,2388
4481,2266
2672,12
3914,1444
3808,3325
2997,2317
2895,656
4942,493
1726,4983
840,4966
2844,3007
3178,3367
4065,1471
740,1000
544,4474
775,3245
4306,4567
3951,2057
4671,3232
4940,4755
4391,2242
2306,397
2079,288
1214,4065
4558,3211
576,1795
4992,3392
4760,4858
1021,3441
615,3300
23,474
2945,2476
3802,4617
4809,2780
2993,723
4604,2005
3727,2119
2024,1723
2919,721
3146,3251
3544,1970
2117,326
4747,387
901,2827
2838,31
3937,1334
86,3029
1965,617
4292,4573
1115,638
2845,2907
2716,767
3619,525
168,126
4124,2109
3878,3174
723,3745
1435,5000
4627,3846
3670,4350
2725,2512
3126,1126
3671,1068
3471,3934
4220,1101
3290,3049
1118,2479
4064,4091
1343,2678
4967,3745
1261,4278
2467,3211
137,385
4409,4994
4644,4601
2103,2021
4128,137
1575,1141
4982,3740
473,2070
2901,4952
2008,613
1616,8
216,1896
4019,2279
187,529
4687,2952
1737,1803
2209,464
316,2343
1712,4715
167,2157
2109,4155
4642,4128
4951,2612
923,3483
2162,1348
3680,2274
3430,1567
3059,3228
1056,3893
4321,3918
2066,4370
3214,4413
3229,2008
1167,1634
2823,650
2842,1073
369,2312
2295,1202
2333,1227
4564,3894
4767,1598
1337,4177
4366,3137
4756,1063
92,49
4255,4270
1694,176
645,4314
4347,3821
708,341
4118,2552
2466,3655
1302,4084
4897,3031
1580,3911
2351,16
1025,3476
587,2541
4227,3453
880,4785
71,2087
985,3725
3602,3582
4691,4924
1002,3780
1795,3900
27,1372
1994,2399
415,1186
3782,608
80,3028
1489,864
4791,1469
233,963
74,1025
2362,3939
4173,1350
259,4322
3705,2428
4583,1367
1052,3557
2791,3349
240,3956
2317,4850
2034,4739
770,4332
4258,4878
4312,4462
2315,2816
3251,594
745,1875
4692,4564
4990,1678
3896,3448
1397,1349
4378,3145
4667,3966
1586,3636
1985,2934
1979,4735
4678,2197
4512,2172
903,2636
4279,3928
4545,2419
4105,1748
4161,4855
3261,4162
4052,1557
1576,1667
591,3846
3851,2927
3910,3527
1098,1680
944,1761
3351,4749
1224,1205
3306,4721
3579,4818
2657,1698
4648,4218
2315,2755
2665,822
532,358
2634,1864
2621,317
4363,4598
4217,4746
424,1081
2735,2847
4021,4716
1942,4115
2354,3118
90,4020
3958,342
2536,2540
2995,961
2742,911
3917,3004
1919,665
1094,210
3833,4142
771,2795
999,1436
527,3521
4186,528
2094,4546
2576,2761
4018,1510
2708,2360
3563,3024
2809,4738
4725,3007
4756,880
3633,4782
4985,2828
85,2197
2912,3719
1793,3820
4465,3199
527,4248
2059,2090
4792,967
183,1199
3833,3332
3069,58
4193,1018
160,3282
2582,2311
2580,718
2528,2151
3811,4653
4914,3160
3328,4423
483,3616
4351,3410
2358,1759
2006,4179
4010,3993
3085,2924
1996,2216
3492,4102
4558,254
4628,3981
2846,4800
911,2838
4047,3939
1668,4569
2621,207
4464,2499
550,3058
3698,1915
4036,1946
3785,3481
4232,552
4463,1239
2574,1699
3461,440
1671,2813
4915,2043
1635,1853
4940,607
3616,4531
2312,3435
1711,3682
291,3949
3074,340
1718,3052
2992,2296
224,1079
1498,2142
1573,2375
2217,2993
206,711
3985,1449
4511,4444
2563,1068
562,924
4096,2392
1248,749
2154,632
3231,897
872,4237
988,3142
399,2210
782,2690
1731,3722
1100,4801
3625,2696
814,3177
4525,2564
1873,3600
4427,650
2104,3695
338,3796
3064,4067
717,2623
3637,2355
4283,3901
1465,3745
4415,2690
3899,3563
34,682
1265,3713
2585,4241
1713,2451
1810,4484
2265,2012
1275,3827
2774,3804
1762,745
2373,1137
4135,2095
4240,4529
2689,174
2882,4059
3437,2236
2869,3107
420,2547
3165,524
4148,2744
1007,2165
3407,627
1176,4919
4915,4932
227,4403
2835,429
4810,4595
4717,3499
1682,3945
3609,57
2142,2405
3518,3884
720,2493
3658,977
2622,4234
3394,2786
2538,2531
1044,4154
1282,1696
246,1642
1033,3458
4421,4641
1271,1993
3486,315
863,3326
1610,4550
4488,2333
1964,961
58,2694
4468,1122
1116,1531
1712,3205
1153,1072
804,2235
4597,2012
771,3864
1087,2324
879,3307
3747,3278
4354,2770
229,2717
1957,2656
696,4131
1413,2121
3184,3859
1967,729
142,848
1057,4451
1864,30
4545,219
4139,2253
1734,3078
1666,2868
2669,456
3479,3492
1872,4341
2074,4010
1543,3297
368,3074
371,2940
663,2426
2500,2360
1815,494
4330,2767
4904,1300
4606,3435
1964,2161
3542,4173
3347,4190
2890,3908
4897,3023
2967,1383
4126,462
3394,3237
523,3071
4195,3469
546,131
2288,3182
1077,221
244,923
4783,919
633,1198
3181,501
1168,3887
1191,966
1740,3155
705,3887
674,1990
2451,378
1073,1266
4941,3085
1032,1270
2862,173
1927,2841
1355,1129
654,1716
657,2877
1995,3677
2796,1073
42,186
393,1237
4384,2892
2473,3467
1600,1579
1972,4305
3586,2118
3825,1574
464,1393
2723,3279
1956,2982
442,1830
2546,4271
3117,1690
1758,2060
4219,1147
3790,3774
3389,4273
4347,2043
2943,1527
4104,2185
4650,3007
3924,4081
2003,528
2084,1974
382,621
2755,1147
611,4540
1572,4632
3081,1923
2836,4477
3164,2911
4105,4353
477,4879
2103,2600
2589,2968
2489,1196
220,925
1045,1777
2115,990
4880,1144
2854,677
2347,1135
4432,435
2602,2054
2655,10
330,167
1292,1447
3218,4280
4328,1767
1809,925
1667,1461
2227,2473
879,2425
2112,4662
1130,3202
3317,592
713,1498
967,3517
4535,2298
1478,505
1064,3730
4464,4047
3086,519
491,4754
1591,1826
191,4231
3776,2209
3273,4616
2810,2008
2640,2825
4005,4782
2883,2388
4617,3262
3025,1960
2897,4816
4417,1725
2725,2760
1179,2699
2150,2945
671,3203
2311,2308
3220,3214
4184,4780
392,324
2064,4655
951,2821
3350,1041
1828,3225
4151,4149
3176,4665
1580,1756
1199,2824
63,4499
4521,1893
1845,2835
4471,325
3608,4386
3112,4648
954,1152
2375,4280
677,3890
2087,1821
4310,2663
285,3120
1573,1621
4582,232
2556,2974
3837,823
2902,1437
1267,3200
4808,2811
566,3751
4169,2303
4656,935
152,2985
269,462
2499,3035
1428,1183
285,4579
834,934
3369,775
1936,3814
981,1085
1766,1194
4781,4729
370,4364
3702,220
2839,3148
2603,1480
413,2969
3048,2176
2221,3800
1327,2292
3045,4696
3999,1586
87,3947
4586,2283
2143,2988
3083,2348
3093,2027
4652,269
958,1598
3519,1494
1455,3360
4590,936
1050,2099
1466,2102
3448,3646
3751,2036
2484,4271
48,1828
383,4699
3736,2074
4430,3961
2495,3615
575,596
714,4738
25,1203
1418,4363
1127,825
3707,3019
2792,3605
2764,1527
3840,4340
2981,3531
3671,4448
2974,981
4025,1298
4833,3104
4799,3736
211,464
4626,3834
4979,2927
4742,3027
1157,2757
2795,2718
3631,3852
3731,2431
1777,4899
1860,1926
3882,4655
4277,2754
951,4942
2222,3571
849,2031
3651,3284
229,4931
3173,3084
4027,1456
3061,3314
3315,4742
4146,1272
4517,4062
1562,1561
3471,3444
4652,1708
3051,3028
2664,1351
3679,4858
47,2465
2636,4271
1747,957
368,983
4241,2033
4938,34
1991,3272
4124,894
4538,3454
1865,1831
176,2101
1160,2699
3029,3994
2201,584
2308,3406
4682,4629
4598,1231
4899,2787
2583,315
4821,510
2973,1117
4886,1403
725,631
4442,4853
2059,2273
2849,4523
2812,2732
484,516
1232,3802
559,3272
1917,4529
4764,2452
1981,650
3015,4459
3649,4401
4615,1245
827,519
3303,4924
1089,2528
1691,402
4930,51
4082,3775
1300,4356
1871,896
1701,3107
1484,4513
4142,1497
3355,2377
4339,3842
3757,2422
2331,1846
949,46
3215,1830
4155,1646
3436,991
4860,1797
4991,1110
1490,779
4945,855
3014,3205
4421,1831
3687,4293
2685,4370
1019,3087
2862,1258
142,3212
3717,3536
1341,1094
3166,3607
1365,3731
4886,66
718,1299
4959,3792
4255,789
3062,1128
2080,4981
3831,3722
3857,4401
2049,3594
1343,1208
297,598
4436,147
1680,2385
4912,2373
968,1932
4336,104
3989,4415
3522,2149
2464,3362
3313,2426
4450,151
4440,1811
4738,714
1327,2980
137,1852
1228,3431
2497,4230
52,3045
1339,1988
1537,2460
3054,1604
2752,2362
504,274
499,3120
1397,165
4797,3575
4954,2204
3288,2173
2467,4890
4130,4508
1374,2313
236,4893
4397,4102
4968,4741
590,339
220,1368
4325,2784
995,4471
1137,2811
1833,2418
2135,888
1587,1334
72,3157
2274,4168
2363,1245
2638,4527
2772,3602
2706,4404
4815,2265
3202,2983
723,1471
3774,412
4304,1583
3560,1053
4750,1034
3357,97
199,4681
208,887
2622,148
2670,711
4217,4667
2212,1116
4093,4968
588,3314
2445,1920
4457,4335
4464,1162
4511,912
2387,2328
3468,2090
1194,4350
1645,2055
3817,847
2900,1628
3958,5001
4367,3222
4582,1720
2896,3290
1131,4287
3713,3883
4841,3097
951,4795
2755,2405
3263,2213
2229,177
1415,1482
4702,2876
3472,35
176,1687
2536,1125
2930,3343
2380,3093
3762,4583
1772,4659
2198,2581
4493,1517
1798,489
3472,4553
1825,3789
873,4449
1663,4989
4187,3341
4971,2239
1562,1023
4316,2190
1153,883
819,1340
3216,3015
2493,1979
3439,3428
4943,378
1083,2655
3921,2553
2327,713
947,1607
1988,524
4730,1439
3847,474
3489,2764
3785,4077
2616,238
1437,1272
2151,3140
3946,466
15,1825
1741,1614
3404,187
3360,2446
911,4717
3249,3355
508,4754
477,2538
3719,957
3574,585
4033,4591
976,1249
689,836
1268,1488
4501,21
3742,3699
4205,676
1528,4140
548,481
2310,4597
3561,3197
3404,4589
3576,927
361,4531
1583,1117
3960,3826
4190,48
3766,3372
1337,3902
3812,449
2020,1050
3612,4494
3357,4774
398,330
1800,4602
4694,2935
4953,3459
1057,1281
1241,3165
4727,2891
2623,1806
4190,4011
1851,2955
726,2079
2338,1717
1464,1197
1357,2484
3695,1965
2759,3931
550,714
2969,3385
609,3179
219,4824
1561,2538
207,2615
1919,4709
321,4346
4921,452
2593,3170
76,2856
260,4332
1550,3738
164,3422
250,2484
4382,286
2828,1858
2534,2228
2702,941
4743,4685
1040,3299
1303,4071
2698,3243
822,2137
1026,4989
4303,3145
3367,3716
3458,3108
900,4601
4967,4588
1463,2242
3962,1533
2966,4694
1034,3545
2996,2126
477,1704
827,69
267,4652
3458,4391
610,473
69,1443
2114,3120
4398,1726
631,4585
4458,761
2674,2156
2769,352
2965,1551
528,728
2016,3514
4054,3821
3229,1976
2955,4047
1028,121
3715,4688
4774,3276
2811,3682
4554,4129
3953,3297
368,899
1712,576
4517,455
3703,2626
1205,506
1539,4569
1155,659
4427,1204
3584,3709
1126,3144
114,786
2109,2508
1349,2300
3021,1380
4198,2704
2731,2021
4664,4538
3168,369
1776,4679
3922,4615
4688,2421
3586,94
1871,1362
368,3728
4533,999
2236,3640
2538,2164
1711,2315
1377,2868
4750,3313
4830,2847
4427,1708
2644,1443
1200,2186
1246,2242
2585,3250
985,3648
1585,4942
91,801
2646,3205
846,926
4595,4865
4743,3120
4071,845
4390,811
948,4275
510,3913
4767,422
879,1654
1192,4101
2194,1517
2077,4303
2946,1802
917,107
1602,1868
1375,325
135,451
1945,117
2614,4017
3404,3707
4538,22
1935,3211
939,2147
1737,3056
1706,4903
425,1168
1723,3120
1937,1872
1745,3751
2753,1618
3820,2769
2290,3360
1258,2934
2277,4113
4619,2421
3228,1778
1661,4892
4184,1881
2811,496
544,2452
3571,4033
3065,1532
2613,2751
1601,2273
1882,2332
1804,1796
2940,338
95,1889
2393,2558
235,3164
826,4321
3888,1794
1042,1687
3366,2931
1249,3929
4643,4110
4107,365
743,4565
343,2566
3390,4976
789,1787
2281,1574
4651,1748
576,2577
359,2871
3103,895
1321,1579
2790,262
1684,4401
813,3494
2935,1637
2520,323
2687,3417
4428,2575
50,64
460,4429
4805,1558
3660,2499
4382,834
4432,3008
2609,3685
1622,1075
1649,1801
3975,1209
3260,2763
4924,4329
556,2011
3408,2005
4457,4230
3752,455
2950,3185
3243,821
2228,4157
1542,4490
998,2994
3745,62
2330,4383
4373,3210
2962,1911
2665,71
3531,1868
2811,3972
430,4009
4304,3990
1189,4336
331,4492
1938,339
1745,4682
3603,4190
1472,2486
1783,2595
1223,1505
1286,2111
1564,890
2934,1416
2047,4984
1876,3282
2394,2521
4465,1614
2125,3376
407,2187
3630,1272
411,4385
4701,830
3928,2073
1316,3212
3248,2216
1459,2774
1854,2805
1151,921
2785,1267
3331,1193
3296,691
741,1508
3380,3415
2662,4633
4682,1714
3482,1323
2416,4622
4614,639
50,178
441,2751
4021,4977
1428,1711
1364,246
1859,2841
1469,2229
559,3053
4231,4350
1628,1427
2169,1540
4039,3073
717,147
235,3571
2358,4725
3104,3970
2358,2292
3298,1563
2583,4799
4535,3338
167,4475
4503,3362
1,3878
3719,2963
2193,1350
4652,3268
4485,3211
662,913
43,926
226,945
1327,3364
1623,4386
2718,1019
2689,3277
2397,3686
173,4354
904,699
3795,1541
3603,248
4039,3951
88,2505
1694,931
4675,2500
3954,713
1006,49
4676,2506
4623,3332
1507,2171
2283,125
1560,575
3780,2170
2561,4509
3189,2312
493,1016
313,3626
4835,281
2,20
4631,514
3746,3342
3564,4188
1972,4446
2615,2131
2898,2441
2770,2716
1335,628
3182,802
2640,2078
1096,3713
3481,4174
4137,458
4088,941
2994,3937
2761,1360
1391,1212
3068,690
250,1605
872,2111
4067,1521
4008,4502
2300,1558
1754,3886
2929,378
3425,2606
1509,507
3860,3557
4090,647
2144,4468
1499,1618
3322,139
4430,3385
1523,129
3997,2395
1696,894
3898,2363
4517,379
190,992
52,4826
358,2168
3736,4606
4320,771
3621,1768
3970,1696
1887,1752
4813,1345
3142,105
933,2360
1822,1396
1009,4305
4886,2537
3481,1623
272,2413
1930,1675
4663,2887
4805,2649
2483,4190
4175,4315
581,3932
3467,2446
1582,705
1375,3570
4294,3595
507,2399
524,1832
1263,4336
2539,51
3736,4093
823,515
3260,507
4677,1285
2238,1722
205,442
376,4386
535,472
4582,2566
4564,2830
3390,54
2344,3754
3311,1545
2808,217
1465,2760
3833,2214
900,1200
1361,1291
506,2366
45,3355
1873,915
1714,4178
2113,1344
3532,356
3991,3698
4402,3311
8,4823
3107,2262
3721,1117
3589,3539
2424,2104
3948,123
4974,768
2411,2140
2530,1280
4995,2529
4245,3453
927,2862
2018,1455
4718,806
650,862
813,4025
4862,508
1546,1699
3439,2353
4279,766
1881,3216
730,3182
4638,4152
4127,3443
4200,1590
2812,3774
3118,2601
2308,2664
3538,1907
4311,3758
962,1513
3965,4737
1995,1198
1861,4286
2562,916
3044,3807
1748,3071
2244,4066
534,448
4700,2906
2555,4858
4288,2880
3740,2725
783,3338
4494,2619
265,2835
1030,171
2305,1247
2726,613
2544,955
2815,3916
559,331
4169,4737
4800,3611
4340,1329
3199,2984
793,2912
2826,2227
1219,2257
2039,4591
2646,1614
3117,1325
3605,2831
4416,4418
3256,4047
1525,3179
3757,1282
2545,2147
1715,3222
1515,4677
1662,4008
1160,1470
4861,1645
2358,3906
161,1369
2081,3245
2356,2870
1366,95
560,1376
4510,2243
1215,2824
2851,3597
3819,2664
3738,4459
4183,930
2066,2445
4136,3368
2568,367
2605,4141
4989,2248
79,1807
3549,1660
576,3640
2650,3285
4099,1757
2962,443
637,3726
4367,3074
221,4680
2557,641
400,573
999,4801
3372,4222
1659,1763
524,1086
2147,374
3177,616
4061,198
1500,3955
510,4105
2282,960
2999,3642
2596,524
820,323
200,4575
1511,2869
4303,1072
3727,4104
4111,2107
4290,776
1318,567
710,3729
3400,3949
1579,3536
2171,2058
3227,1445
4230,1312
2837,492
2072,2520
3617,226
2420,3187
4920,202
4484,3041
4425,1678
3541,2810
3457,2537
4101,629
1956,4262
3843,3069
4801,1672
4081,2934
3251,600
2486,680
1624,3019
2750,67
1452,3512
1073,2587
4350,2008
3388,3787
2501,4211
3833,2971
1499,4549
1579,2359
1187,1920
3529,3757
1030,962
3707,1352
2976,1736
2137,4505
1844,284
3255,1068
682,85
1662,3814
4131,2062
1230,3255
2336,3834
2884,198
4114,1873
582,2880
3981,4284
1973,532
2989,97
2207,637
1778,2857
1509,376
2534,2398
2597,3437
3489,2026
1538,2023
3390,2308
4490,2777
4223,3564
3314,3183
4028,397
4690,2399
4701,4106
2119,4673
4560,1431
4235,2135
4811,4745
3715,3638
3904,1517
1804,4505
4439,4389
1818,1949
2812,1723
1797,3797
3962,762
55,259
942,842
129,43
4079,1783
3945,4256
4918,2769
3778,1429
4679,2536
452,2400
2197,1411
2445,688
3756,3121
3753,4552
3930,1836
1343,2407
2114,119
454,3603
4700,3679
3722,669
2968,2500
4507,2758
4329,3844
1457,4367
4669,3235
1209,4410
815,4513
447,4125
3310,1799
23,4820
3059,3452
1791,3653
2216,3587
191,507
1760,1283
4627,3249
2525,3737
1946,3341
1273,4100
818,949
3819,326
4964,341
329,1922
156,1664
4817,3114
136,625
1862,4678
1387,2079
1897,4994
1216,2743
2710,2843
1894,1587
2150,3791
3018,3232
1881,3641
4329,1825
601,2209
55,1476
2618,3717
237,3348
1197,3867
4710,2104
2862,959
1026,2436
3404,2336
3126,1783
4637,4646
953,1488
520,3794
850,1171
881,2288
4771,2842
3733,8
4363,889
1517,4083
1066,2728
1548,3761
3250,409
655,4049
3816,8
4544,3384
3473,3371
2793,287
209,2048
3382,2728
3868,3596
3590,4885
3263,4767
3119,614
2238,3999
3721,4467
1011,2786
3895,895
1257,980
3806,3524
2613,3305
3707,4935
4002,3534
1394,2995
2961,2122
2251,3537
1399,1500
3811,140
2353,1427
682,4451
2041,168
3073,958
1087,3375
4682,3502
231,4928
2004,4146
4804,1715
2130,2319
4379,1437
3331,2914
4774,4679
2145,3051
3180,4364
3283,3731
2181,3926
1220,622
515,3124
3163,1156
4742,3956
4683,1706
178,507
486,1841
4141,3059
111,4184
1413,916
1006,4091
980,1875
1213,240
4112,1156
1714,4403
3444,385
3018,2289
2818,1735
412,257
571,2116
2130,4093
3201,3144
2260,2752
3563,773
1038,828
1701,1597
1791,4935
3529,4864
2596,301
3288,650
218,3060
4081,3096
280,4376
1165,3803
3830,3844
4782,2765
3778,2550
208,4891
4645,2207
884,3405
2729,4825
2804,2790
1320,1086
1507,2408
4876,3094
1522,4887
501,4015
3532,1826
2818,4101
1467,2242
144,1791
4539,2906
4702,913
785,4582
4858,3969
3709,4858
3680,284
407,4582
4618,4930
1870,2711
1499,1900
4561,4078
1258,1317
3860,665
653,4615
4931,3962
4606,494
4767,1069
4477,1512
1485,1634
3836,3519
773,617
465,1013
1548,1643
2109,4461
3536,2179
1848,3607
3693,123
3137,3901
4071,931
1619,123
3265,4041
1569,340
4346,4426
263,3506
4753,4017
3258,2421
4075,1137
3883,3399
4809,2768
3362,1794
3490,3783
1365,2713
3732,2252
3070,1866
1150,4432
1950,1952
4557,537
4522,1199
1023,3577
1470,3054
4352,66
2069,2586
3809,1532
4985,2751
258,3010
1333,4851
336,45
2879,1376
1433,969
4910,3094
1144,387
4881,1407
4184,3095
2175,4190
3201,554
5004,2843
2181,1276
1298,23
5000,3012
1938,1665
2451,1168
2092,1560
588,712
2751,4752
4766,285
3300,3978
1387,1979
4270,3451
2717,4169
1193,1600
4490,2895
4121,2031
3932,271
1295,704
3162,2966
2882,4100
1618,4795
163,453
2505,1799
3666,4796
1475,1173
4725,2449
3748,4820
4394,4201
2126,4080
3202,2362
4055,4226
1185,3980
1961,2761
4229,2733
1586,4890
2333,4956
372,2837
2487,1419
71,3201
1667,1269
3347,935
947,1797
295,3788
1597,235
1706,2964
692,4813
4893,2747
1273,1950
167,364
1379,436
2375,608
658,863
4881,4647
98,4350
2086,3333
3098,1649
2771,619
4042,3506
2306,2055
1156,3815
2337,4188
1705,1691
4172,2219
3003,3104
4586,2784
4490,4519
2194,4391
578,3768
653,4759
2658,3285
891,714
55,4149
257,1624
4357,1050
2256,655
4703,90
3552,44
2754,3826
685,4657
4893,479
3515,3370
1370,3373
2424,989
22,2309
3674,3335
1607,1656
528,4364
3797,1801
4904,3049
4085,4988
4454,1600
3020,2265
4968,2705
338,3198
4992,4703
2233,4378
2179,2311
1009,2819
3823,4750
4073,3122
4160,778
3305,1664
4975,3445
1841,2725
2268,2453
3447,1899
557,1931
1975,3269
1890,4516
895,4815
2060,4180
1972,2208
3655,4596
3946,1208
177,2719
1788,3656
2931,1407
4242,2897
133,4808
4471,94
4691,4632
3977,1788
9,1908
3848,3007
1937,1416
868,1596
1329,4367
3341,3265
2332,993
4871,739
3349,1993
4730,2308
3163,3560
1881,3187
2147,4315
22,1799
2963,1761
71,2760
1238,4010
1374,2743
4965,1311
3932,4806
4130,359
3657,1437
2852,4862
4602,1224
217,1988
3716,3134
665,997
2665,1948
3100,4139
4389,578
2481,43
2127,773
2104,1286
4445,3406
3550,2507
4884,1251
2331,207
4562,1584
2103,1265
3609,3720
2108,3023
4483,4766
1907,4715
2132,424
3793,1345
1661,2560
1621,3076
4042,4889
3199,3507
474,4539
4010,3249
3156,3875
4551,4505
3599,4402
1048,2853
4845,895
2397,2872
4426,725
1999,4494
3906,641
1191,74
3601,4566
570,4004
2694,4201
378,1056
1841,1324
1282,3094
3714,3528
2399,4492
4701,1474
458,4648
267,2150
2308,4642
372,1658
940,3815
3972,3994
273,4191
2239,1023
1920,4002
4572,2069
1851,2791
1185,2146
4593,1382
551,4336
4843,1682
3600,629
3700,5000
712,697
2118,2622
1790,2243
3376,3554
1910,249
450,3061
1297,3011
2107,2686
1800,1795
1293,3839
3297,497
1053,502
1114,1812
4392,1591
4968,4324
810,2791
1110,4688
1054,1756
1029,2584
2605,512
1196,4109
1880,2380
2471,3420
2620,876
3927,1185
211,1426
2963,2621
2842,2156
2528,2287
4295,3320
4327,2081
4912,229
4424,358
4544,1230
1714,767
2350,1724
1496,3536
1287,4813
2411,2721
3029,3936
976,4884
4493,2091
878,214
1312,1726
2759,4744
2772,4932
3072,280
3678,519
2982,3149
1931,3452
4182,4091
4606,3489
937,4630
3458,2099
2100,3548
3195,2425
2074,3228
991,2520
4414,173
187,2985
271,581
2493,2786
3041,1845
443,4759
4469,980
1930,4339
1794,1187
2280,4465
2893,3983
4014,4462
2638,1927
2787,3659
3271,2682
1175,670
3141,3163
926,4318
4856,187
3986,4303
1808,2258
4598,2132
2356,3328
2290,3428
119,63
4740,255
3816,4364
4468,52
3719,4295
1947,3461
524,3260
364,4959
2724,2154
3100,3757
432,4717
2421,3325
1657,1942
4143,4029
162,2841
1544,1741
3200,2551
1598,4762
4541,4385
9,1544
51,35
1217,154
4113,2142
4803,331
2390,2152
112,95
2008,3760
2804,692
2035,3117
3315,3900
4831,733
1716,360
2648,4347
2563,4612
3838,1920
1629,2350
560,2602
1414,3011
4380,1534
626,1297
2222,1045
1800,1765
4394,3340
3769,1257
213,1158
4329,3368
4443,4732
1334,454
2569,1584
4640,3540
4162,3076
4189,2558
1787,1244
2019,1209
2947,3227
1167,4469
2316,587
860,723
1821,1175
336,2319
1948,737
2720,1657
4894,120
213,4067
3546,4179
1290,3498
